sep=;
Series;Time;Value
alertmanager;2017-03-07T00:37:29.000Z;5971968
alertmanager;2017-03-07T00:37:39.000Z;5971968
alertmanager;2017-03-07T00:37:49.000Z;5992448
alertmanager;2017-03-07T00:37:59.000Z;5992448
alertmanager;2017-03-07T00:38:09.000Z;5992448
alertmanager;2017-03-07T00:38:19.000Z;6000640
alertmanager;2017-03-07T00:38:29.000Z;6000640
alertmanager;2017-03-07T00:38:39.000Z;6000640
alertmanager;2017-03-07T00:38:49.000Z;6008832
alertmanager;2017-03-07T00:38:59.000Z;6008832
alertmanager;2017-03-07T00:39:09.000Z;6008832
alertmanager;2017-03-07T00:39:19.000Z;6004736
alertmanager;2017-03-07T00:39:29.000Z;6004736
alertmanager;2017-03-07T00:39:39.000Z;6004736
alertmanager;2017-03-07T00:39:49.000Z;6008832
alertmanager;2017-03-07T00:39:59.000Z;6008832
alertmanager;2017-03-07T00:40:09.000Z;6025216
alertmanager;2017-03-07T00:40:19.000Z;6021120
alertmanager;2017-03-07T00:40:29.000Z;6021120
alertmanager;2017-03-07T00:40:39.000Z;6017024
alertmanager;2017-03-07T00:40:49.000Z;6021120
alertmanager;2017-03-07T00:40:59.000Z;6017024
alertmanager;2017-03-07T00:41:09.000Z;6017024
alertmanager;2017-03-07T00:41:19.000Z;6021120
alertmanager;2017-03-07T00:41:29.000Z;6017024
alertmanager;2017-03-07T00:41:39.000Z;6021120
alertmanager;2017-03-07T00:41:49.000Z;6021120
alertmanager;2017-03-07T00:41:59.000Z;6021120
alertmanager;2017-03-07T00:42:09.000Z;6021120
alertmanager;2017-03-07T00:42:19.000Z;6021120
alertmanager;2017-03-07T00:42:29.000Z;6021120
alertmanager;2017-03-07T00:42:39.000Z;6021120
alertmanager;2017-03-07T00:42:49.000Z;6021120
alertmanager;2017-03-07T00:42:59.000Z;6025216
alertmanager;2017-03-07T00:43:09.000Z;6025216
alertmanager;2017-03-07T00:43:19.000Z;6025216
alertmanager;2017-03-07T00:43:29.000Z;6029312
alertmanager;2017-03-07T00:43:39.000Z;6029312
alertmanager;2017-03-07T00:43:49.000Z;6037504
alertmanager;2017-03-07T00:43:59.000Z;6037504
alertmanager;2017-03-07T00:44:09.000Z;6037504
alertmanager;2017-03-07T00:44:19.000Z;6037504
alertmanager;2017-03-07T00:44:29.000Z;6037504
alertmanager;2017-03-07T00:44:39.000Z;6037504
alertmanager;2017-03-07T00:44:49.000Z;6033408
alertmanager;2017-03-07T00:44:59.000Z;6033408
alertmanager;2017-03-07T00:45:09.000Z;6029312
alertmanager;2017-03-07T00:45:19.000Z;6033408
alertmanager;2017-03-07T00:45:29.000Z;6033408
alertmanager;2017-03-07T00:45:39.000Z;6033408
alertmanager;2017-03-07T00:45:49.000Z;6033408
alertmanager;2017-03-07T00:45:59.000Z;6029312
alertmanager;2017-03-07T00:46:09.000Z;6033408
alertmanager;2017-03-07T00:46:19.000Z;6033408
alertmanager;2017-03-07T00:46:29.000Z;6033408
alertmanager;2017-03-07T00:46:39.000Z;6033408
alertmanager;2017-03-07T00:46:49.000Z;6033408
alertmanager;2017-03-07T00:46:59.000Z;6033408
alertmanager;2017-03-07T00:47:09.000Z;6033408
alertmanager;2017-03-07T00:47:19.000Z;6037504
alertmanager;2017-03-07T00:47:29.000Z;6037504
alertmanager;2017-03-07T00:47:39.000Z;6037504
alertmanager;2017-03-07T00:47:49.000Z;6037504
alertmanager;2017-03-07T00:47:59.000Z;6037504
alertmanager;2017-03-07T00:48:09.000Z;6041600
alertmanager;2017-03-07T00:48:19.000Z;6037504
alertmanager;2017-03-07T00:48:29.000Z;6037504
alertmanager;2017-03-07T00:48:39.000Z;6037504
alertmanager;2017-03-07T00:48:49.000Z;5971968
alertmanager;2017-03-07T00:48:59.000Z;5971968
alertmanager;2017-03-07T00:49:09.000Z;5967872
alertmanager;2017-03-07T00:49:19.000Z;5967872
alertmanager;2017-03-07T00:49:29.000Z;5967872
alertmanager;2017-03-07T00:49:39.000Z;5967872
alertmanager;2017-03-07T00:49:49.000Z;5967872
alertmanager;2017-03-07T00:49:59.000Z;5967872
alertmanager;2017-03-07T00:50:09.000Z;5967872
alertmanager;2017-03-07T00:50:19.000Z;5967872
alertmanager;2017-03-07T00:50:29.000Z;5967872
alertmanager;2017-03-07T00:50:39.000Z;5967872
alertmanager;2017-03-07T00:50:49.000Z;5971968
alertmanager;2017-03-07T00:50:59.000Z;5971968
alertmanager;2017-03-07T00:51:09.000Z;5967872
alertmanager;2017-03-07T00:51:19.000Z;5967872
alertmanager;2017-03-07T00:51:29.000Z;5967872
alertmanager;2017-03-07T00:51:39.000Z;5976064
alertmanager;2017-03-07T00:51:49.000Z;5971968
alertmanager;2017-03-07T00:51:59.000Z;5971968
alertmanager;2017-03-07T00:52:09.000Z;5971968
alertmanager;2017-03-07T00:52:19.000Z;5971968
alertmanager;2017-03-07T00:52:29.000Z;5971968
alertmanager;2017-03-07T00:52:39.000Z;5971968
alertmanager;2017-03-07T00:52:49.000Z;5971968
alertmanager;2017-03-07T00:52:59.000Z;5971968
alertmanager;2017-03-07T00:53:09.000Z;5971968
alertmanager;2017-03-07T00:53:19.000Z;5976064
alertmanager;2017-03-07T00:53:29.000Z;5976064
alertmanager;2017-03-07T00:53:39.000Z;5971968
alertmanager;2017-03-07T00:53:49.000Z;5976064
alertmanager;2017-03-07T00:53:59.000Z;5976064
alertmanager;2017-03-07T00:54:09.000Z;5980160
alertmanager;2017-03-07T00:54:19.000Z;5971968
alertmanager;2017-03-07T00:54:29.000Z;5971968
alertmanager;2017-03-07T00:54:39.000Z;5971968
alertmanager;2017-03-07T00:54:49.000Z;5976064
alertmanager;2017-03-07T00:54:59.000Z;5971968
alertmanager;2017-03-07T00:55:09.000Z;5971968
alertmanager;2017-03-07T00:55:19.000Z;5971968
alertmanager;2017-03-07T00:55:29.000Z;5971968
alertmanager;2017-03-07T00:55:39.000Z;5971968
alertmanager;2017-03-07T00:55:49.000Z;5976064
alertmanager;2017-03-07T00:55:59.000Z;5971968
alertmanager;2017-03-07T00:56:09.000Z;5976064
alertmanager;2017-03-07T00:56:19.000Z;5931008
alertmanager;2017-03-07T00:56:29.000Z;5931008
alertmanager;2017-03-07T00:56:39.000Z;5931008
alertmanager;2017-03-07T00:56:49.000Z;5992448
alertmanager;2017-03-07T00:56:59.000Z;5992448
alertmanager;2017-03-07T00:57:09.000Z;6033408
alertmanager;2017-03-07T00:57:19.000Z;6041600
alertmanager;2017-03-07T00:57:29.000Z;6041600
alertmanager;2017-03-07T00:57:39.000Z;6045696
alertmanager;2017-03-07T00:57:49.000Z;6086656
alertmanager;2017-03-07T00:57:59.000Z;6078464
alertmanager;2017-03-07T00:58:09.000Z;6082560
alertmanager;2017-03-07T00:58:19.000Z;6078464
alertmanager;2017-03-07T00:58:29.000Z;6078464
alertmanager;2017-03-07T00:58:39.000Z;6078464
alertmanager;2017-03-07T00:58:49.000Z;6103040
alertmanager;2017-03-07T00:58:59.000Z;6103040
alertmanager;2017-03-07T00:59:09.000Z;6103040
alertmanager;2017-03-07T00:59:19.000Z;6119424
alertmanager;2017-03-07T00:59:29.000Z;6119424
alertmanager;2017-03-07T00:59:39.000Z;6119424
alertmanager;2017-03-07T00:59:49.000Z;6139904
alertmanager;2017-03-07T00:59:59.000Z;6135808
alertmanager;2017-03-07T01:00:09.000Z;6135808
alertmanager;2017-03-07T01:00:19.000Z;6139904
alertmanager;2017-03-07T01:00:29.000Z;6139904
alertmanager;2017-03-07T01:00:39.000Z;6139904
alertmanager;2017-03-07T01:00:49.000Z;6139904
alertmanager;2017-03-07T01:00:59.000Z;6131712
alertmanager;2017-03-07T01:01:09.000Z;6131712
alertmanager;2017-03-07T01:01:19.000Z;6131712
alertmanager;2017-03-07T01:01:29.000Z;6131712
alertmanager;2017-03-07T01:01:39.000Z;6131712
alertmanager;2017-03-07T01:01:49.000Z;6131712
alertmanager;2017-03-07T01:01:59.000Z;6131712
alertmanager;2017-03-07T01:02:09.000Z;6135808
alertmanager;2017-03-07T01:02:19.000Z;6135808
alertmanager;2017-03-07T01:02:29.000Z;6139904
alertmanager;2017-03-07T01:02:39.000Z;6139904
alertmanager;2017-03-07T01:02:49.000Z;6135808
alertmanager;2017-03-07T01:02:59.000Z;6135808
alertmanager;2017-03-07T01:03:09.000Z;6135808
alertmanager;2017-03-07T01:03:19.000Z;6139904
alertmanager;2017-03-07T01:03:29.000Z;6135808
alertmanager;2017-03-07T01:03:39.000Z;6139904
alertmanager;2017-03-07T01:03:49.000Z;6135808
alertmanager;2017-03-07T01:03:59.000Z;6135808
alertmanager;2017-03-07T01:04:09.000Z;6139904
alertmanager;2017-03-07T01:04:19.000Z;6139904
alertmanager;2017-03-07T01:04:29.000Z;6135808
alertmanager;2017-03-07T01:04:39.000Z;6139904
alertmanager;2017-03-07T01:04:49.000Z;6139904
alertmanager;2017-03-07T01:04:59.000Z;6135808
alertmanager;2017-03-07T01:05:09.000Z;6139904
alertmanager;2017-03-07T01:05:19.000Z;6139904
alertmanager;2017-03-07T01:05:29.000Z;6139904
alertmanager;2017-03-07T01:05:39.000Z;6139904
alertmanager;2017-03-07T01:05:49.000Z;6139904
alertmanager;2017-03-07T01:05:59.000Z;6148096
alertmanager;2017-03-07T01:06:09.000Z;6148096
alertmanager;2017-03-07T01:06:19.000Z;6148096
alertmanager;2017-03-07T01:06:29.000Z;6144000
alertmanager;2017-03-07T01:06:39.000Z;6144000
alertmanager;2017-03-07T01:06:49.000Z;6144000
alertmanager;2017-03-07T01:06:59.000Z;6144000
alertmanager;2017-03-07T01:07:09.000Z;6144000
alertmanager;2017-03-07T01:07:19.000Z;6148096
alertmanager;2017-03-07T01:07:29.000Z;6144000
alertmanager;2017-03-07T01:07:39.000Z;6148096
alertmanager;2017-03-07T01:07:49.000Z;6148096
alertmanager;2017-03-07T01:07:59.000Z;6148096
alertmanager;2017-03-07T01:08:09.000Z;6152192
alertmanager;2017-03-07T01:08:19.000Z;6152192
alertmanager;2017-03-07T01:08:29.000Z;6156288
alertmanager;2017-03-07T01:08:39.000Z;6152192
alertmanager;2017-03-07T01:08:49.000Z;6152192
alertmanager;2017-03-07T01:08:59.000Z;6152192
alertmanager;2017-03-07T01:09:09.000Z;6152192
alertmanager;2017-03-07T01:09:19.000Z;6127616
alertmanager;2017-03-07T01:09:29.000Z;6127616
alertmanager;2017-03-07T01:09:39.000Z;6127616
alertmanager;2017-03-07T01:09:49.000Z;6127616
alertmanager;2017-03-07T01:09:59.000Z;6127616
alertmanager;2017-03-07T01:10:09.000Z;6127616
alertmanager;2017-03-07T01:10:19.000Z;6131712
alertmanager;2017-03-07T01:10:29.000Z;6127616
alertmanager;2017-03-07T01:10:39.000Z;6131712
alertmanager;2017-03-07T01:10:49.000Z;6131712
alertmanager;2017-03-07T01:10:59.000Z;6127616
alertmanager;2017-03-07T01:11:09.000Z;6131712
alertmanager;2017-03-07T01:11:19.000Z;6131712
alertmanager;2017-03-07T01:11:29.000Z;6131712
alertmanager;2017-03-07T01:11:39.000Z;6131712
alertmanager;2017-03-07T01:11:49.000Z;6131712
alertmanager;2017-03-07T01:11:59.000Z;6111232
alertmanager;2017-03-07T01:12:09.000Z;6111232
alertmanager;2017-03-07T01:12:19.000Z;6111232
alertmanager;2017-03-07T01:12:29.000Z;6111232
alertmanager;2017-03-07T01:12:39.000Z;6115328
alertmanager;2017-03-07T01:12:49.000Z;6115328
alertmanager;2017-03-07T01:12:59.000Z;6123520
alertmanager;2017-03-07T01:13:09.000Z;6119424
alertmanager;2017-03-07T01:13:19.000Z;6119424
alertmanager;2017-03-07T01:13:29.000Z;6119424
alertmanager;2017-03-07T01:13:39.000Z;6119424
alertmanager;2017-03-07T01:13:49.000Z;6119424
alertmanager;2017-03-07T01:13:59.000Z;6119424
alertmanager;2017-03-07T01:14:09.000Z;6127616
alertmanager;2017-03-07T01:14:19.000Z;6135808
alertmanager;2017-03-07T01:14:29.000Z;6135808
alertmanager;2017-03-07T01:14:39.000Z;6135808
alertmanager;2017-03-07T01:14:49.000Z;6135808
alertmanager;2017-03-07T01:14:59.000Z;6135808
alertmanager;2017-03-07T01:15:09.000Z;6135808
alertmanager;2017-03-07T01:15:19.000Z;6135808
alertmanager;2017-03-07T01:15:29.000Z;6135808
alertmanager;2017-03-07T01:15:39.000Z;6135808
alertmanager;2017-03-07T01:15:49.000Z;6139904
alertmanager;2017-03-07T01:15:59.000Z;6139904
alertmanager;2017-03-07T01:16:09.000Z;6139904
alertmanager;2017-03-07T01:16:19.000Z;6139904
alertmanager;2017-03-07T01:16:29.000Z;6139904
alertmanager;2017-03-07T01:16:39.000Z;6135808
alertmanager;2017-03-07T01:16:49.000Z;6135808
alertmanager;2017-03-07T01:16:59.000Z;6135808
alertmanager;2017-03-07T01:17:09.000Z;6139904
alertmanager;2017-03-07T01:17:19.000Z;6135808
alertmanager;2017-03-07T01:17:29.000Z;6135808
alertmanager;2017-03-07T01:17:39.000Z;6135808
alertmanager;2017-03-07T01:17:49.000Z;6135808
alertmanager;2017-03-07T01:17:59.000Z;6135808
alertmanager;2017-03-07T01:18:09.000Z;6144000
alertmanager;2017-03-07T01:18:19.000Z;6148096
alertmanager;2017-03-07T01:18:29.000Z;6148096
alertmanager;2017-03-07T01:18:39.000Z;6144000
alertmanager;2017-03-07T01:18:49.000Z;6148096
cadvisor;2017-03-07T00:37:29.000Z;27435008
cadvisor;2017-03-07T00:37:39.000Z;27037696
cadvisor;2017-03-07T00:37:49.000Z;27172864
cadvisor;2017-03-07T00:37:59.000Z;27045888
cadvisor;2017-03-07T00:38:09.000Z;27398144
cadvisor;2017-03-07T00:38:19.000Z;27394048
cadvisor;2017-03-07T00:38:29.000Z;27443200
cadvisor;2017-03-07T00:38:39.000Z;27447296
cadvisor;2017-03-07T00:38:49.000Z;27586560
cadvisor;2017-03-07T00:38:59.000Z;27492352
cadvisor;2017-03-07T00:39:09.000Z;27439104
cadvisor;2017-03-07T00:39:19.000Z;27418624
cadvisor;2017-03-07T00:39:29.000Z;27406336
cadvisor;2017-03-07T00:39:39.000Z;27443200
cadvisor;2017-03-07T00:39:49.000Z;27631616
cadvisor;2017-03-07T00:39:59.000Z;27541504
cadvisor;2017-03-07T00:40:09.000Z;27475968
cadvisor;2017-03-07T00:40:19.000Z;26308608
cadvisor;2017-03-07T00:40:29.000Z;26357760
cadvisor;2017-03-07T00:40:39.000Z;26349568
cadvisor;2017-03-07T00:40:49.000Z;26521600
cadvisor;2017-03-07T00:40:59.000Z;26456064
cadvisor;2017-03-07T00:41:09.000Z;26357760
cadvisor;2017-03-07T00:41:19.000Z;26312704
cadvisor;2017-03-07T00:41:29.000Z;26357760
cadvisor;2017-03-07T00:41:39.000Z;26312704
cadvisor;2017-03-07T00:41:49.000Z;26542080
cadvisor;2017-03-07T00:41:59.000Z;26390528
cadvisor;2017-03-07T00:42:09.000Z;26349568
cadvisor;2017-03-07T00:42:19.000Z;26320896
cadvisor;2017-03-07T00:42:29.000Z;27402240
cadvisor;2017-03-07T00:42:39.000Z;27394048
cadvisor;2017-03-07T00:42:49.000Z;27594752
cadvisor;2017-03-07T00:42:59.000Z;27422720
cadvisor;2017-03-07T00:43:09.000Z;27389952
cadvisor;2017-03-07T00:43:19.000Z;27369472
cadvisor;2017-03-07T00:43:29.000Z;27426816
cadvisor;2017-03-07T00:43:39.000Z;27430912
cadvisor;2017-03-07T00:43:49.000Z;27619328
cadvisor;2017-03-07T00:43:59.000Z;27471872
cadvisor;2017-03-07T00:44:09.000Z;27414528
cadvisor;2017-03-07T00:44:19.000Z;27373568
cadvisor;2017-03-07T00:44:29.000Z;27418624
cadvisor;2017-03-07T00:44:39.000Z;27414528
cadvisor;2017-03-07T00:44:49.000Z;27561984
cadvisor;2017-03-07T00:44:59.000Z;27504640
cadvisor;2017-03-07T00:45:09.000Z;27398144
cadvisor;2017-03-07T00:45:19.000Z;27377664
cadvisor;2017-03-07T00:45:29.000Z;27369472
cadvisor;2017-03-07T00:45:39.000Z;27406336
cadvisor;2017-03-07T00:45:49.000Z;27516928
cadvisor;2017-03-07T00:45:59.000Z;27406336
cadvisor;2017-03-07T00:46:09.000Z;27377664
cadvisor;2017-03-07T00:46:19.000Z;27369472
cadvisor;2017-03-07T00:46:29.000Z;27410432
cadvisor;2017-03-07T00:46:39.000Z;27389952
cadvisor;2017-03-07T00:46:49.000Z;27525120
cadvisor;2017-03-07T00:46:59.000Z;27398144
cadvisor;2017-03-07T00:47:09.000Z;27373568
cadvisor;2017-03-07T00:47:19.000Z;27365376
cadvisor;2017-03-07T00:47:29.000Z;27414528
cadvisor;2017-03-07T00:47:39.000Z;27389952
cadvisor;2017-03-07T00:47:49.000Z;26529792
cadvisor;2017-03-07T00:47:59.000Z;26382336
cadvisor;2017-03-07T00:48:09.000Z;26341376
cadvisor;2017-03-07T00:48:19.000Z;26329088
cadvisor;2017-03-07T00:48:29.000Z;26378240
cadvisor;2017-03-07T00:48:39.000Z;26357760
cadvisor;2017-03-07T00:48:49.000Z;26521600
cadvisor;2017-03-07T00:48:59.000Z;26415104
cadvisor;2017-03-07T00:49:09.000Z;26365952
cadvisor;2017-03-07T00:49:19.000Z;26329088
cadvisor;2017-03-07T00:49:29.000Z;26382336
cadvisor;2017-03-07T00:49:39.000Z;26382336
cadvisor;2017-03-07T00:49:49.000Z;26492928
cadvisor;2017-03-07T00:49:59.000Z;26394624
cadvisor;2017-03-07T00:50:09.000Z;26345472
cadvisor;2017-03-07T00:50:19.000Z;26333184
cadvisor;2017-03-07T00:50:29.000Z;26329088
cadvisor;2017-03-07T00:50:39.000Z;26357760
cadvisor;2017-03-07T00:50:49.000Z;26574848
cadvisor;2017-03-07T00:50:59.000Z;26472448
cadvisor;2017-03-07T00:51:09.000Z;26349568
cadvisor;2017-03-07T00:51:19.000Z;26345472
cadvisor;2017-03-07T00:51:29.000Z;26382336
cadvisor;2017-03-07T00:51:39.000Z;26374144
cadvisor;2017-03-07T00:51:49.000Z;26501120
cadvisor;2017-03-07T00:51:59.000Z;26402816
cadvisor;2017-03-07T00:52:09.000Z;26345472
cadvisor;2017-03-07T00:52:19.000Z;26337280
cadvisor;2017-03-07T00:52:29.000Z;26382336
cadvisor;2017-03-07T00:52:39.000Z;27656192
cadvisor;2017-03-07T00:52:49.000Z;27648000
cadvisor;2017-03-07T00:52:59.000Z;27463680
cadvisor;2017-03-07T00:53:09.000Z;27414528
cadvisor;2017-03-07T00:53:19.000Z;27398144
cadvisor;2017-03-07T00:53:29.000Z;27451392
cadvisor;2017-03-07T00:53:39.000Z;27439104
cadvisor;2017-03-07T00:53:49.000Z;27533312
cadvisor;2017-03-07T00:53:59.000Z;27447296
cadvisor;2017-03-07T00:54:09.000Z;27406336
cadvisor;2017-03-07T00:54:19.000Z;27410432
cadvisor;2017-03-07T00:54:29.000Z;27418624
cadvisor;2017-03-07T00:54:39.000Z;27451392
cadvisor;2017-03-07T00:54:49.000Z;27598848
cadvisor;2017-03-07T00:54:59.000Z;27463680
cadvisor;2017-03-07T00:55:09.000Z;27414528
cadvisor;2017-03-07T00:55:19.000Z;27418624
cadvisor;2017-03-07T00:55:29.000Z;27451392
cadvisor;2017-03-07T00:55:39.000Z;27435008
cadvisor;2017-03-07T00:55:49.000Z;27586560
cadvisor;2017-03-07T00:55:59.000Z;27484160
cadvisor;2017-03-07T00:56:09.000Z;27422720
cadvisor;2017-03-07T00:56:19.000Z;27410432
cadvisor;2017-03-07T00:56:29.000Z;27410432
cadvisor;2017-03-07T00:56:39.000Z;27451392
cadvisor;2017-03-07T00:56:49.000Z;27627520
cadvisor;2017-03-07T00:56:59.000Z;27533312
cadvisor;2017-03-07T00:57:09.000Z;27451392
cadvisor;2017-03-07T00:57:19.000Z;27430912
cadvisor;2017-03-07T00:57:29.000Z;27459584
cadvisor;2017-03-07T00:57:39.000Z;27439104
cadvisor;2017-03-07T00:57:49.000Z;27348992
cadvisor;2017-03-07T00:57:59.000Z;27176960
cadvisor;2017-03-07T00:58:09.000Z;27131904
cadvisor;2017-03-07T00:58:19.000Z;27127808
cadvisor;2017-03-07T00:58:29.000Z;27119616
cadvisor;2017-03-07T00:58:39.000Z;27172864
cadvisor;2017-03-07T00:58:49.000Z;27361280
cadvisor;2017-03-07T00:58:59.000Z;27246592
cadvisor;2017-03-07T00:59:09.000Z;27140096
cadvisor;2017-03-07T00:59:19.000Z;27131904
cadvisor;2017-03-07T00:59:29.000Z;27176960
cadvisor;2017-03-07T00:59:39.000Z;27168768
cadvisor;2017-03-07T00:59:49.000Z;27312128
cadvisor;2017-03-07T00:59:59.000Z;27213824
cadvisor;2017-03-07T01:00:09.000Z;27140096
cadvisor;2017-03-07T01:00:19.000Z;27140096
cadvisor;2017-03-07T01:00:29.000Z;27185152
cadvisor;2017-03-07T01:00:39.000Z;27152384
cadvisor;2017-03-07T01:00:49.000Z;27340800
cadvisor;2017-03-07T01:00:59.000Z;27189248
cadvisor;2017-03-07T01:01:09.000Z;27160576
cadvisor;2017-03-07T01:01:19.000Z;27136000
cadvisor;2017-03-07T01:01:29.000Z;27136000
cadvisor;2017-03-07T01:01:39.000Z;27164672
cadvisor;2017-03-07T01:01:49.000Z;27283456
cadvisor;2017-03-07T01:01:59.000Z;27222016
cadvisor;2017-03-07T01:02:09.000Z;27197440
cadvisor;2017-03-07T01:02:19.000Z;27160576
cadvisor;2017-03-07T01:02:29.000Z;27205632
cadvisor;2017-03-07T01:02:39.000Z;27189248
cadvisor;2017-03-07T01:02:49.000Z;25878528
cadvisor;2017-03-07T01:02:59.000Z;25796608
cadvisor;2017-03-07T01:03:09.000Z;25731072
cadvisor;2017-03-07T01:03:19.000Z;25702400
cadvisor;2017-03-07T01:03:29.000Z;25706496
cadvisor;2017-03-07T01:03:39.000Z;25726976
cadvisor;2017-03-07T01:03:49.000Z;25899008
cadvisor;2017-03-07T01:03:59.000Z;25829376
cadvisor;2017-03-07T01:04:09.000Z;25780224
cadvisor;2017-03-07T01:04:19.000Z;25788416
cadvisor;2017-03-07T01:04:29.000Z;25841664
cadvisor;2017-03-07T01:04:39.000Z;25841664
cadvisor;2017-03-07T01:04:49.000Z;26071040
cadvisor;2017-03-07T01:04:59.000Z;25878528
cadvisor;2017-03-07T01:05:09.000Z;25804800
cadvisor;2017-03-07T01:05:19.000Z;25665536
cadvisor;2017-03-07T01:05:29.000Z;25665536
cadvisor;2017-03-07T01:05:39.000Z;25686016
cadvisor;2017-03-07T01:05:49.000Z;25870336
cadvisor;2017-03-07T01:05:59.000Z;25812992
cadvisor;2017-03-07T01:06:09.000Z;25755648
cadvisor;2017-03-07T01:06:19.000Z;26779648
cadvisor;2017-03-07T01:06:29.000Z;26759168
cadvisor;2017-03-07T01:06:39.000Z;27721728
cadvisor;2017-03-07T01:06:49.000Z;27865088
cadvisor;2017-03-07T01:06:59.000Z;27762688
cadvisor;2017-03-07T01:07:09.000Z;27701248
cadvisor;2017-03-07T01:07:19.000Z;27684864
cadvisor;2017-03-07T01:07:29.000Z;27680768
cadvisor;2017-03-07T01:07:39.000Z;27684864
cadvisor;2017-03-07T01:07:49.000Z;27869184
cadvisor;2017-03-07T01:07:59.000Z;27758592
cadvisor;2017-03-07T01:08:09.000Z;27693056
cadvisor;2017-03-07T01:08:19.000Z;27688960
cadvisor;2017-03-07T01:08:29.000Z;27680768
cadvisor;2017-03-07T01:08:39.000Z;27701248
cadvisor;2017-03-07T01:08:49.000Z;27832320
cadvisor;2017-03-07T01:08:59.000Z;27746304
cadvisor;2017-03-07T01:09:09.000Z;27680768
cadvisor;2017-03-07T01:09:19.000Z;27684864
cadvisor;2017-03-07T01:09:29.000Z;27725824
cadvisor;2017-03-07T01:09:39.000Z;27717632
cadvisor;2017-03-07T01:09:49.000Z;27873280
cadvisor;2017-03-07T01:09:59.000Z;27721728
cadvisor;2017-03-07T01:10:09.000Z;27697152
cadvisor;2017-03-07T01:10:19.000Z;27693056
cadvisor;2017-03-07T01:10:29.000Z;27693056
cadvisor;2017-03-07T01:10:39.000Z;27729920
cadvisor;2017-03-07T01:10:49.000Z;27938816
cadvisor;2017-03-07T01:10:59.000Z;27746304
cadvisor;2017-03-07T01:11:09.000Z;27721728
cadvisor;2017-03-07T01:11:19.000Z;27701248
cadvisor;2017-03-07T01:11:29.000Z;27758592
cadvisor;2017-03-07T01:11:39.000Z;27738112
cadvisor;2017-03-07T01:11:49.000Z;28012544
cadvisor;2017-03-07T01:11:59.000Z;27795456
cadvisor;2017-03-07T01:12:09.000Z;27701248
cadvisor;2017-03-07T01:12:19.000Z;27697152
cadvisor;2017-03-07T01:12:29.000Z;27734016
cadvisor;2017-03-07T01:12:39.000Z;27713536
cadvisor;2017-03-07T01:12:49.000Z;26681344
cadvisor;2017-03-07T01:12:59.000Z;26517504
cadvisor;2017-03-07T01:13:09.000Z;26423296
cadvisor;2017-03-07T01:13:19.000Z;26415104
cadvisor;2017-03-07T01:13:29.000Z;26415104
cadvisor;2017-03-07T01:13:39.000Z;26431488
cadvisor;2017-03-07T01:13:49.000Z;26607616
cadvisor;2017-03-07T01:13:59.000Z;26501120
cadvisor;2017-03-07T01:14:09.000Z;26443776
cadvisor;2017-03-07T01:14:19.000Z;26427392
cadvisor;2017-03-07T01:14:29.000Z;26419200
cadvisor;2017-03-07T01:14:39.000Z;26427392
cadvisor;2017-03-07T01:14:49.000Z;26632192
cadvisor;2017-03-07T01:14:59.000Z;26497024
cadvisor;2017-03-07T01:15:09.000Z;26435584
cadvisor;2017-03-07T01:15:19.000Z;26116096
cadvisor;2017-03-07T01:15:29.000Z;26169344
cadvisor;2017-03-07T01:15:39.000Z;26157056
cadvisor;2017-03-07T01:15:49.000Z;26353664
cadvisor;2017-03-07T01:15:59.000Z;26152960
cadvisor;2017-03-07T01:16:09.000Z;26132480
cadvisor;2017-03-07T01:16:19.000Z;26120192
cadvisor;2017-03-07T01:16:29.000Z;26120192
cadvisor;2017-03-07T01:16:39.000Z;26124288
cadvisor;2017-03-07T01:16:49.000Z;26361856
cadvisor;2017-03-07T01:16:59.000Z;26238976
cadvisor;2017-03-07T01:17:09.000Z;26136576
cadvisor;2017-03-07T01:17:19.000Z;26116096
cadvisor;2017-03-07T01:17:29.000Z;26165248
cadvisor;2017-03-07T01:17:39.000Z;26161152
cadvisor;2017-03-07T01:17:49.000Z;26669056
cadvisor;2017-03-07T01:17:59.000Z;26415104
cadvisor;2017-03-07T01:18:09.000Z;26259456
cadvisor;2017-03-07T01:18:19.000Z;26251264
cadvisor;2017-03-07T01:18:29.000Z;26705920
cadvisor;2017-03-07T01:18:39.000Z;26353664
cadvisor;2017-03-07T01:18:49.000Z;26583040
grafana;2017-03-07T00:37:29.000Z;17440768
grafana;2017-03-07T00:37:39.000Z;17199104
grafana;2017-03-07T00:37:49.000Z;17186816
grafana;2017-03-07T00:37:59.000Z;17186816
grafana;2017-03-07T00:38:09.000Z;17178624
grafana;2017-03-07T00:38:19.000Z;17190912
grafana;2017-03-07T00:38:29.000Z;17211392
grafana;2017-03-07T00:38:39.000Z;17235968
grafana;2017-03-07T00:38:49.000Z;17207296
grafana;2017-03-07T00:38:59.000Z;17215488
grafana;2017-03-07T00:39:09.000Z;17190912
grafana;2017-03-07T00:39:19.000Z;17211392
grafana;2017-03-07T00:39:29.000Z;17190912
grafana;2017-03-07T00:39:39.000Z;17219584
grafana;2017-03-07T00:39:49.000Z;17211392
grafana;2017-03-07T00:39:59.000Z;17219584
grafana;2017-03-07T00:40:09.000Z;17244160
grafana;2017-03-07T00:40:19.000Z;17240064
grafana;2017-03-07T00:40:29.000Z;17231872
grafana;2017-03-07T00:40:39.000Z;17231872
grafana;2017-03-07T00:40:49.000Z;17264640
grafana;2017-03-07T00:40:59.000Z;17240064
grafana;2017-03-07T00:41:09.000Z;17211392
grafana;2017-03-07T00:41:19.000Z;17215488
grafana;2017-03-07T00:41:29.000Z;17215488
grafana;2017-03-07T00:41:39.000Z;17215488
grafana;2017-03-07T00:41:49.000Z;17227776
grafana;2017-03-07T00:41:59.000Z;17240064
grafana;2017-03-07T00:42:09.000Z;17240064
grafana;2017-03-07T00:42:19.000Z;17235968
grafana;2017-03-07T00:42:29.000Z;17235968
grafana;2017-03-07T00:42:39.000Z;17223680
grafana;2017-03-07T00:42:49.000Z;17223680
grafana;2017-03-07T00:42:59.000Z;17227776
grafana;2017-03-07T00:43:09.000Z;17293312
grafana;2017-03-07T00:43:19.000Z;17285120
grafana;2017-03-07T00:43:29.000Z;17293312
grafana;2017-03-07T00:43:39.000Z;17530880
grafana;2017-03-07T00:43:49.000Z;17530880
grafana;2017-03-07T00:43:59.000Z;17575936
grafana;2017-03-07T00:44:09.000Z;17543168
grafana;2017-03-07T00:44:19.000Z;17539072
grafana;2017-03-07T00:44:29.000Z;17534976
grafana;2017-03-07T00:44:39.000Z;17514496
grafana;2017-03-07T00:44:49.000Z;17514496
grafana;2017-03-07T00:44:59.000Z;17539072
grafana;2017-03-07T00:45:09.000Z;17547264
grafana;2017-03-07T00:45:19.000Z;17530880
grafana;2017-03-07T00:45:29.000Z;17530880
grafana;2017-03-07T00:45:39.000Z;17543168
grafana;2017-03-07T00:45:49.000Z;17543168
grafana;2017-03-07T00:45:59.000Z;17543168
grafana;2017-03-07T00:46:09.000Z;17526784
grafana;2017-03-07T00:46:19.000Z;17551360
grafana;2017-03-07T00:46:29.000Z;17555456
grafana;2017-03-07T00:46:39.000Z;17559552
grafana;2017-03-07T00:46:49.000Z;17543168
grafana;2017-03-07T00:46:59.000Z;17543168
grafana;2017-03-07T00:47:09.000Z;17534976
grafana;2017-03-07T00:47:19.000Z;17555456
grafana;2017-03-07T00:47:29.000Z;17551360
grafana;2017-03-07T00:47:39.000Z;17567744
grafana;2017-03-07T00:47:49.000Z;17571840
grafana;2017-03-07T00:47:59.000Z;17563648
grafana;2017-03-07T00:48:09.000Z;17563648
grafana;2017-03-07T00:48:19.000Z;17567744
grafana;2017-03-07T00:48:29.000Z;17571840
grafana;2017-03-07T00:48:39.000Z;17543168
grafana;2017-03-07T00:48:49.000Z;17567744
grafana;2017-03-07T00:48:59.000Z;17559552
grafana;2017-03-07T00:49:09.000Z;17539072
grafana;2017-03-07T00:49:19.000Z;17530880
grafana;2017-03-07T00:49:29.000Z;17530880
grafana;2017-03-07T00:49:39.000Z;17534976
grafana;2017-03-07T00:49:49.000Z;17539072
grafana;2017-03-07T00:49:59.000Z;17584128
grafana;2017-03-07T00:50:09.000Z;17563648
grafana;2017-03-07T00:50:19.000Z;17555456
grafana;2017-03-07T00:50:29.000Z;17571840
grafana;2017-03-07T00:50:39.000Z;17571840
grafana;2017-03-07T00:50:49.000Z;17567744
grafana;2017-03-07T00:50:59.000Z;17543168
grafana;2017-03-07T00:51:09.000Z;17555456
grafana;2017-03-07T00:51:19.000Z;17559552
grafana;2017-03-07T00:51:29.000Z;17563648
grafana;2017-03-07T00:51:39.000Z;17551360
grafana;2017-03-07T00:51:49.000Z;17559552
grafana;2017-03-07T00:51:59.000Z;17559552
grafana;2017-03-07T00:52:09.000Z;17588224
grafana;2017-03-07T00:52:19.000Z;17592320
grafana;2017-03-07T00:52:29.000Z;17571840
grafana;2017-03-07T00:52:39.000Z;17571840
grafana;2017-03-07T00:52:49.000Z;17178624
grafana;2017-03-07T00:52:59.000Z;17182720
grafana;2017-03-07T00:53:09.000Z;17195008
grafana;2017-03-07T00:53:19.000Z;17215488
grafana;2017-03-07T00:53:29.000Z;17371136
grafana;2017-03-07T00:53:39.000Z;17367040
grafana;2017-03-07T00:53:49.000Z;17465344
grafana;2017-03-07T00:53:59.000Z;17465344
grafana;2017-03-07T00:54:09.000Z;17436672
grafana;2017-03-07T00:54:19.000Z;17428480
grafana;2017-03-07T00:54:29.000Z;17448960
grafana;2017-03-07T00:54:39.000Z;17428480
grafana;2017-03-07T00:54:49.000Z;17436672
grafana;2017-03-07T00:54:59.000Z;17440768
grafana;2017-03-07T00:55:09.000Z;17448960
grafana;2017-03-07T00:55:19.000Z;17436672
grafana;2017-03-07T00:55:29.000Z;17448960
grafana;2017-03-07T00:55:39.000Z;17444864
grafana;2017-03-07T00:55:49.000Z;17461248
grafana;2017-03-07T00:55:59.000Z;17444864
grafana;2017-03-07T00:56:09.000Z;17440768
grafana;2017-03-07T00:56:19.000Z;17444864
grafana;2017-03-07T00:56:29.000Z;17444864
grafana;2017-03-07T00:56:39.000Z;17444864
grafana;2017-03-07T00:56:49.000Z;17448960
grafana;2017-03-07T00:56:59.000Z;17477632
grafana;2017-03-07T00:57:09.000Z;17498112
grafana;2017-03-07T00:57:19.000Z;17465344
grafana;2017-03-07T00:57:29.000Z;17440768
grafana;2017-03-07T00:57:39.000Z;17461248
grafana;2017-03-07T00:57:49.000Z;17469440
grafana;2017-03-07T00:57:59.000Z;17465344
grafana;2017-03-07T00:58:09.000Z;17469440
grafana;2017-03-07T00:58:19.000Z;17489920
grafana;2017-03-07T00:58:29.000Z;17559552
grafana;2017-03-07T00:58:39.000Z;17559552
grafana;2017-03-07T00:58:49.000Z;17469440
grafana;2017-03-07T00:58:59.000Z;17473536
grafana;2017-03-07T00:59:09.000Z;17514496
grafana;2017-03-07T00:59:19.000Z;17481728
grafana;2017-03-07T00:59:29.000Z;17502208
grafana;2017-03-07T00:59:39.000Z;17506304
grafana;2017-03-07T00:59:49.000Z;17498112
grafana;2017-03-07T00:59:59.000Z;17555456
grafana;2017-03-07T01:00:09.000Z;17530880
grafana;2017-03-07T01:00:19.000Z;17539072
grafana;2017-03-07T01:00:29.000Z;17534976
grafana;2017-03-07T01:00:39.000Z;17534976
grafana;2017-03-07T01:00:49.000Z;17534976
grafana;2017-03-07T01:00:59.000Z;17530880
grafana;2017-03-07T01:01:09.000Z;17534976
grafana;2017-03-07T01:01:19.000Z;17530880
grafana;2017-03-07T01:01:29.000Z;17547264
grafana;2017-03-07T01:01:39.000Z;17571840
grafana;2017-03-07T01:01:49.000Z;17575936
grafana;2017-03-07T01:01:59.000Z;17575936
grafana;2017-03-07T01:02:09.000Z;17596416
grafana;2017-03-07T01:02:19.000Z;17571840
grafana;2017-03-07T01:02:29.000Z;17645568
grafana;2017-03-07T01:02:39.000Z;17645568
grafana;2017-03-07T01:02:49.000Z;17641472
grafana;2017-03-07T01:02:59.000Z;17580032
grafana;2017-03-07T01:03:09.000Z;17563648
grafana;2017-03-07T01:03:19.000Z;17567744
grafana;2017-03-07T01:03:29.000Z;17571840
grafana;2017-03-07T01:03:39.000Z;17592320
grafana;2017-03-07T01:03:49.000Z;17596416
grafana;2017-03-07T01:03:59.000Z;17620992
grafana;2017-03-07T01:04:09.000Z;17592320
grafana;2017-03-07T01:04:19.000Z;17600512
grafana;2017-03-07T01:04:29.000Z;17588224
grafana;2017-03-07T01:04:39.000Z;17674240
grafana;2017-03-07T01:04:49.000Z;17678336
grafana;2017-03-07T01:04:59.000Z;17678336
grafana;2017-03-07T01:05:09.000Z;17653760
grafana;2017-03-07T01:05:19.000Z;17580032
grafana;2017-03-07T01:05:29.000Z;17580032
grafana;2017-03-07T01:05:39.000Z;17567744
grafana;2017-03-07T01:05:49.000Z;17571840
grafana;2017-03-07T01:05:59.000Z;17575936
grafana;2017-03-07T01:06:09.000Z;17575936
grafana;2017-03-07T01:06:19.000Z;17588224
grafana;2017-03-07T01:06:29.000Z;17575936
grafana;2017-03-07T01:06:39.000Z;17592320
grafana;2017-03-07T01:06:49.000Z;17596416
grafana;2017-03-07T01:06:59.000Z;17596416
grafana;2017-03-07T01:07:09.000Z;17592320
grafana;2017-03-07T01:07:19.000Z;17580032
grafana;2017-03-07T01:07:29.000Z;17608704
grafana;2017-03-07T01:07:39.000Z;17682432
grafana;2017-03-07T01:07:49.000Z;17678336
grafana;2017-03-07T01:07:59.000Z;17588224
grafana;2017-03-07T01:08:09.000Z;17608704
grafana;2017-03-07T01:08:19.000Z;17612800
grafana;2017-03-07T01:08:29.000Z;17612800
grafana;2017-03-07T01:08:39.000Z;17608704
grafana;2017-03-07T01:08:49.000Z;17592320
grafana;2017-03-07T01:08:59.000Z;17600512
grafana;2017-03-07T01:09:09.000Z;17600512
grafana;2017-03-07T01:09:19.000Z;17588224
grafana;2017-03-07T01:09:29.000Z;17596416
grafana;2017-03-07T01:09:39.000Z;17588224
grafana;2017-03-07T01:09:49.000Z;17588224
grafana;2017-03-07T01:09:59.000Z;17596416
grafana;2017-03-07T01:10:09.000Z;17600512
grafana;2017-03-07T01:10:19.000Z;17612800
grafana;2017-03-07T01:10:29.000Z;17608704
grafana;2017-03-07T01:10:39.000Z;17629184
grafana;2017-03-07T01:10:49.000Z;17637376
grafana;2017-03-07T01:10:59.000Z;17637376
grafana;2017-03-07T01:11:09.000Z;17641472
grafana;2017-03-07T01:11:19.000Z;17620992
grafana;2017-03-07T01:11:29.000Z;17637376
grafana;2017-03-07T01:11:39.000Z;17641472
grafana;2017-03-07T01:11:49.000Z;17625088
grafana;2017-03-07T01:11:59.000Z;17625088
grafana;2017-03-07T01:12:09.000Z;17612800
grafana;2017-03-07T01:12:19.000Z;17616896
grafana;2017-03-07T01:12:29.000Z;17620992
grafana;2017-03-07T01:12:39.000Z;17620992
grafana;2017-03-07T01:12:49.000Z;17649664
grafana;2017-03-07T01:12:59.000Z;17637376
grafana;2017-03-07T01:13:09.000Z;17657856
grafana;2017-03-07T01:13:19.000Z;17657856
grafana;2017-03-07T01:13:29.000Z;17637376
grafana;2017-03-07T01:13:39.000Z;17629184
grafana;2017-03-07T01:13:49.000Z;17633280
grafana;2017-03-07T01:13:59.000Z;17641472
grafana;2017-03-07T01:14:09.000Z;17641472
grafana;2017-03-07T01:14:19.000Z;17661952
grafana;2017-03-07T01:14:29.000Z;17637376
grafana;2017-03-07T01:14:39.000Z;17641472
grafana;2017-03-07T01:14:49.000Z;17637376
grafana;2017-03-07T01:14:59.000Z;17633280
grafana;2017-03-07T01:15:09.000Z;17649664
grafana;2017-03-07T01:15:19.000Z;17661952
grafana;2017-03-07T01:15:29.000Z;17657856
grafana;2017-03-07T01:15:39.000Z;17645568
grafana;2017-03-07T01:15:49.000Z;17649664
grafana;2017-03-07T01:15:59.000Z;17661952
grafana;2017-03-07T01:16:09.000Z;17727488
grafana;2017-03-07T01:16:19.000Z;17719296
grafana;2017-03-07T01:16:29.000Z;17719296
grafana;2017-03-07T01:16:39.000Z;17723392
grafana;2017-03-07T01:16:49.000Z;17719296
grafana;2017-03-07T01:16:59.000Z;17727488
grafana;2017-03-07T01:17:09.000Z;17715200
grafana;2017-03-07T01:17:19.000Z;17735680
grafana;2017-03-07T01:17:29.000Z;17731584
grafana;2017-03-07T01:17:39.000Z;17731584
grafana;2017-03-07T01:17:49.000Z;18079744
grafana;2017-03-07T01:17:59.000Z;18092032
grafana;2017-03-07T01:18:09.000Z;18345984
grafana;2017-03-07T01:18:19.000Z;18325504
grafana;2017-03-07T01:18:29.000Z;17956864
grafana;2017-03-07T01:18:39.000Z;18309120
grafana;2017-03-07T01:18:49.000Z;18210816
loving_lovelace;2017-03-07T00:37:29.000Z;710828032
loving_lovelace;2017-03-07T00:37:39.000Z;1029132288
loving_lovelace;2017-03-07T00:37:49.000Z;1035575296
loving_lovelace;2017-03-07T00:37:59.000Z;1039360000
loving_lovelace;2017-03-07T00:38:09.000Z;1019445248
loving_lovelace;2017-03-07T00:38:19.000Z;1033306112
loving_lovelace;2017-03-07T00:38:29.000Z;1045848064
loving_lovelace;2017-03-07T00:38:39.000Z;1021972480
loving_lovelace;2017-03-07T00:38:49.000Z;1032876032
loving_lovelace;2017-03-07T00:38:59.000Z;1032589312
loving_lovelace;2017-03-07T00:39:09.000Z;1073369088
loving_lovelace;2017-03-07T00:39:19.000Z;1071173632
loving_lovelace;2017-03-07T00:39:29.000Z;1072402432
loving_lovelace;2017-03-07T00:39:39.000Z;1033134080
loving_lovelace;2017-03-07T00:39:49.000Z;1028378624
loving_lovelace;2017-03-07T00:39:59.000Z;1024434176
loving_lovelace;2017-03-07T00:40:09.000Z;1048481792
loving_lovelace;2017-03-07T00:40:19.000Z;1047420928
loving_lovelace;2017-03-07T00:40:29.000Z;1024630784
loving_lovelace;2017-03-07T00:40:39.000Z;1049767936
loving_lovelace;2017-03-07T00:40:49.000Z;1074499584
loving_lovelace;2017-03-07T00:40:59.000Z;1071353856
loving_lovelace;2017-03-07T00:41:09.000Z;1029947392
loving_lovelace;2017-03-07T00:41:19.000Z;1071661056
loving_lovelace;2017-03-07T00:41:29.000Z;1072701440
loving_lovelace;2017-03-07T00:41:39.000Z;1017896960
loving_lovelace;2017-03-07T00:41:49.000Z;1020051456
loving_lovelace;2017-03-07T00:41:59.000Z;1072459776
loving_lovelace;2017-03-07T00:42:09.000Z;1050890240
loving_lovelace;2017-03-07T00:42:19.000Z;1031348224
loving_lovelace;2017-03-07T00:42:29.000Z;1013489664
loving_lovelace;2017-03-07T00:42:39.000Z;1049616384
loving_lovelace;2017-03-07T00:42:49.000Z;1053900800
loving_lovelace;2017-03-07T00:42:59.000Z;1028349952
loving_lovelace;2017-03-07T00:43:09.000Z;1050021888
loving_lovelace;2017-03-07T00:43:19.000Z;1031323648
loving_lovelace;2017-03-07T00:43:29.000Z;1025519616
loving_lovelace;2017-03-07T00:43:39.000Z;1047912448
loving_lovelace;2017-03-07T00:43:49.000Z;1060245504
loving_lovelace;2017-03-07T00:43:59.000Z;1015894016
loving_lovelace;2017-03-07T00:44:09.000Z;1025900544
loving_lovelace;2017-03-07T00:44:19.000Z;1036210176
loving_lovelace;2017-03-07T00:44:29.000Z;1072771072
loving_lovelace;2017-03-07T00:44:39.000Z;1030512640
loving_lovelace;2017-03-07T00:44:49.000Z;1050435584
loving_lovelace;2017-03-07T00:44:59.000Z;1075834880
loving_lovelace;2017-03-07T00:45:09.000Z;1049460736
loving_lovelace;2017-03-07T00:45:19.000Z;1049698304
loving_lovelace;2017-03-07T00:45:29.000Z;1025802240
loving_lovelace;2017-03-07T00:45:39.000Z;1055424512
loving_lovelace;2017-03-07T00:45:49.000Z;1049063424
loving_lovelace;2017-03-07T00:45:59.000Z;1029611520
loving_lovelace;2017-03-07T00:46:09.000Z;1016442880
loving_lovelace;2017-03-07T00:46:19.000Z;1073315840
loving_lovelace;2017-03-07T00:46:29.000Z;1061539840
loving_lovelace;2017-03-07T00:46:39.000Z;1053847552
loving_lovelace;2017-03-07T00:46:49.000Z;1062744064
loving_lovelace;2017-03-07T00:46:59.000Z;1034211328
loving_lovelace;2017-03-07T00:47:09.000Z;1046114304
loving_lovelace;2017-03-07T00:47:19.000Z;1032167424
loving_lovelace;2017-03-07T00:47:29.000Z;1026093056
loving_lovelace;2017-03-07T00:47:39.000Z;1029988352
loving_lovelace;2017-03-07T00:47:49.000Z;1043607552
loving_lovelace;2017-03-07T00:47:59.000Z;1031000064
loving_lovelace;2017-03-07T00:48:09.000Z;1032523776
loving_lovelace;2017-03-07T00:48:19.000Z;1036967936
loving_lovelace;2017-03-07T00:48:29.000Z;1024331776
loving_lovelace;2017-03-07T00:48:39.000Z;1049763840
loving_lovelace;2017-03-07T00:48:49.000Z;1022832640
loving_lovelace;2017-03-07T00:48:59.000Z;1071644672
loving_lovelace;2017-03-07T00:49:09.000Z;1023541248
loving_lovelace;2017-03-07T00:49:19.000Z;1052356608
loving_lovelace;2017-03-07T00:49:29.000Z;1060888576
loving_lovelace;2017-03-07T00:49:39.000Z;1022345216
loving_lovelace;2017-03-07T00:49:49.000Z;1075052544
loving_lovelace;2017-03-07T00:49:59.000Z;1073262592
loving_lovelace;2017-03-07T00:50:09.000Z;1066790912
loving_lovelace;2017-03-07T00:50:19.000Z;1053204480
loving_lovelace;2017-03-07T00:50:29.000Z;1037725696
loving_lovelace;2017-03-07T00:50:39.000Z;1076584448
loving_lovelace;2017-03-07T00:50:49.000Z;1043046400
loving_lovelace;2017-03-07T00:50:59.000Z;1034784768
loving_lovelace;2017-03-07T00:51:09.000Z;1072701440
loving_lovelace;2017-03-07T00:51:19.000Z;1048989696
loving_lovelace;2017-03-07T00:51:29.000Z;1052274688
loving_lovelace;2017-03-07T00:51:39.000Z;1037975552
loving_lovelace;2017-03-07T00:51:49.000Z;1072463872
loving_lovelace;2017-03-07T00:51:59.000Z;1049460736
loving_lovelace;2017-03-07T00:52:09.000Z;1039106048
loving_lovelace;2017-03-07T00:52:19.000Z;1061036032
loving_lovelace;2017-03-07T00:52:29.000Z;1049894912
loving_lovelace;2017-03-07T00:52:39.000Z;1050714112
loving_lovelace;2017-03-07T00:52:49.000Z;1033424896
loving_lovelace;2017-03-07T00:52:59.000Z;1057005568
loving_lovelace;2017-03-07T00:53:09.000Z;1037627392
loving_lovelace;2017-03-07T00:53:19.000Z;1057415168
loving_lovelace;2017-03-07T00:53:29.000Z;1053863936
loving_lovelace;2017-03-07T00:53:39.000Z;1046159360
loving_lovelace;2017-03-07T00:53:49.000Z;1071595520
loving_lovelace;2017-03-07T00:53:59.000Z;1044881408
loving_lovelace;2017-03-07T00:54:09.000Z;1040355328
loving_lovelace;2017-03-07T00:54:19.000Z;1034158080
loving_lovelace;2017-03-07T00:54:29.000Z;1054625792
loving_lovelace;2017-03-07T00:54:39.000Z;1026420736
loving_lovelace;2017-03-07T00:54:49.000Z;1047621632
loving_lovelace;2017-03-07T00:54:59.000Z;1056350208
loving_lovelace;2017-03-07T00:55:09.000Z;1053777920
loving_lovelace;2017-03-07T00:55:19.000Z;1049636864
loving_lovelace;2017-03-07T00:55:29.000Z;1044611072
loving_lovelace;2017-03-07T00:55:39.000Z;1047384064
loving_lovelace;2017-03-07T00:55:49.000Z;1030356992
loving_lovelace;2017-03-07T00:55:59.000Z;1015218176
loving_lovelace;2017-03-07T00:56:09.000Z;1019371520
loving_lovelace;2017-03-07T00:56:19.000Z;1026072576
loving_lovelace;2017-03-07T00:56:29.000Z;1029873664
loving_lovelace;2017-03-07T00:56:39.000Z;1033392128
loving_lovelace;2017-03-07T00:56:49.000Z;1033580544
loving_lovelace;2017-03-07T00:56:59.000Z;1074499584
loving_lovelace;2017-03-07T00:57:09.000Z;1049022464
loving_lovelace;2017-03-07T00:57:19.000Z;1032761344
loving_lovelace;2017-03-07T00:57:29.000Z;1073004544
loving_lovelace;2017-03-07T00:57:39.000Z;1054474240
loving_lovelace;2017-03-07T00:57:49.000Z;1043877888
loving_lovelace;2017-03-07T00:57:59.000Z;1027010560
loving_lovelace;2017-03-07T00:58:09.000Z;1023139840
loving_lovelace;2017-03-07T00:58:19.000Z;1029443584
loving_lovelace;2017-03-07T00:58:29.000Z;1051127808
loving_lovelace;2017-03-07T00:58:39.000Z;1061134336
loving_lovelace;2017-03-07T00:58:49.000Z;1072304128
loving_lovelace;2017-03-07T00:58:59.000Z;1039351808
loving_lovelace;2017-03-07T00:59:09.000Z;1070878720
loving_lovelace;2017-03-07T00:59:19.000Z;1075220480
loving_lovelace;2017-03-07T00:59:29.000Z;1047007232
loving_lovelace;2017-03-07T00:59:39.000Z;1049116672
loving_lovelace;2017-03-07T00:59:49.000Z;1030180864
loving_lovelace;2017-03-07T00:59:59.000Z;1049395200
loving_lovelace;2017-03-07T01:00:09.000Z;1034964992
loving_lovelace;2017-03-07T01:00:19.000Z;1015857152
loving_lovelace;2017-03-07T01:00:29.000Z;1026043904
loving_lovelace;2017-03-07T01:00:39.000Z;1031606272
loving_lovelace;2017-03-07T01:00:49.000Z;1053605888
loving_lovelace;2017-03-07T01:00:59.000Z;1049726976
loving_lovelace;2017-03-07T01:01:09.000Z;1017294848
loving_lovelace;2017-03-07T01:01:19.000Z;1022341120
loving_lovelace;2017-03-07T01:01:29.000Z;1028907008
loving_lovelace;2017-03-07T01:01:39.000Z;1055961088
loving_lovelace;2017-03-07T01:01:49.000Z;1023217664
loving_lovelace;2017-03-07T01:01:59.000Z;1034764288
loving_lovelace;2017-03-07T01:02:09.000Z;1076056064
loving_lovelace;2017-03-07T01:02:19.000Z;1050087424
loving_lovelace;2017-03-07T01:02:29.000Z;1024262144
loving_lovelace;2017-03-07T01:02:39.000Z;1030504448
loving_lovelace;2017-03-07T01:02:49.000Z;1027153920
loving_lovelace;2017-03-07T01:02:59.000Z;1049702400
loving_lovelace;2017-03-07T01:03:09.000Z;1061908480
loving_lovelace;2017-03-07T01:03:19.000Z;1051742208
loving_lovelace;2017-03-07T01:03:29.000Z;1021652992
loving_lovelace;2017-03-07T01:03:39.000Z;1071816704
loving_lovelace;2017-03-07T01:03:49.000Z;1071734784
loving_lovelace;2017-03-07T01:03:59.000Z;1054744576
loving_lovelace;2017-03-07T01:04:09.000Z;1040793600
loving_lovelace;2017-03-07T01:04:19.000Z;1051590656
loving_lovelace;2017-03-07T01:04:29.000Z;1032671232
loving_lovelace;2017-03-07T01:04:39.000Z;1072095232
loving_lovelace;2017-03-07T01:04:49.000Z;1063628800
loving_lovelace;2017-03-07T01:04:59.000Z;1021800448
loving_lovelace;2017-03-07T01:05:09.000Z;1067855872
loving_lovelace;2017-03-07T01:05:19.000Z;1069326336
loving_lovelace;2017-03-07T01:05:29.000Z;1019162624
loving_lovelace;2017-03-07T01:05:39.000Z;1031606272
loving_lovelace;2017-03-07T01:05:49.000Z;1034485760
loving_lovelace;2017-03-07T01:05:59.000Z;1027989504
loving_lovelace;2017-03-07T01:06:09.000Z;1037176832
loving_lovelace;2017-03-07T01:06:19.000Z;1052147712
loving_lovelace;2017-03-07T01:06:29.000Z;1039114240
loving_lovelace;2017-03-07T01:06:39.000Z;1040834560
loving_lovelace;2017-03-07T01:06:49.000Z;1046933504
loving_lovelace;2017-03-07T01:06:59.000Z;1073065984
loving_lovelace;2017-03-07T01:07:09.000Z;1047416832
loving_lovelace;2017-03-07T01:07:19.000Z;1051136000
loving_lovelace;2017-03-07T01:07:29.000Z;1055232000
loving_lovelace;2017-03-07T01:07:39.000Z;1076056064
loving_lovelace;2017-03-07T01:07:49.000Z;1037905920
loving_lovelace;2017-03-07T01:07:59.000Z;1057320960
loving_lovelace;2017-03-07T01:08:09.000Z;1042333696
loving_lovelace;2017-03-07T01:08:19.000Z;1071640576
loving_lovelace;2017-03-07T01:08:29.000Z;1050722304
loving_lovelace;2017-03-07T01:08:39.000Z;1030623232
loving_lovelace;2017-03-07T01:08:49.000Z;1030680576
loving_lovelace;2017-03-07T01:08:59.000Z;1020870656
loving_lovelace;2017-03-07T01:09:09.000Z;1046274048
loving_lovelace;2017-03-07T01:09:19.000Z;1050599424
loving_lovelace;2017-03-07T01:09:29.000Z;1050148864
loving_lovelace;2017-03-07T01:09:39.000Z;1047756800
loving_lovelace;2017-03-07T01:09:49.000Z;1034444800
loving_lovelace;2017-03-07T01:09:59.000Z;1032888320
loving_lovelace;2017-03-07T01:10:09.000Z;1023660032
loving_lovelace;2017-03-07T01:10:19.000Z;1047236608
loving_lovelace;2017-03-07T01:10:29.000Z;1056174080
loving_lovelace;2017-03-07T01:10:39.000Z;1027211264
loving_lovelace;2017-03-07T01:10:49.000Z;1068163072
loving_lovelace;2017-03-07T01:10:59.000Z;1071878144
loving_lovelace;2017-03-07T01:11:09.000Z;1019490304
loving_lovelace;2017-03-07T01:11:19.000Z;1071947776
loving_lovelace;2017-03-07T01:11:29.000Z;1031864320
loving_lovelace;2017-03-07T01:11:39.000Z;1024712704
loving_lovelace;2017-03-07T01:11:49.000Z;1073295360
loving_lovelace;2017-03-07T01:11:59.000Z;1030717440
loving_lovelace;2017-03-07T01:12:09.000Z;1028055040
loving_lovelace;2017-03-07T01:12:19.000Z;1053208576
loving_lovelace;2017-03-07T01:12:29.000Z;1026486272
loving_lovelace;2017-03-07T01:12:39.000Z;1036673024
loving_lovelace;2017-03-07T01:12:49.000Z;1062338560
loving_lovelace;2017-03-07T01:12:59.000Z;1051250688
loving_lovelace;2017-03-07T01:13:09.000Z;1044426752
loving_lovelace;2017-03-07T01:13:19.000Z;1063268352
loving_lovelace;2017-03-07T01:13:29.000Z;1040818176
loving_lovelace;2017-03-07T01:13:39.000Z;1026355200
loving_lovelace;2017-03-07T01:13:49.000Z;1035227136
loving_lovelace;2017-03-07T01:13:59.000Z;1045553152
loving_lovelace;2017-03-07T01:14:09.000Z;1072963584
loving_lovelace;2017-03-07T01:14:19.000Z;1028247552
loving_lovelace;2017-03-07T01:14:29.000Z;1033187328
loving_lovelace;2017-03-07T01:14:39.000Z;1056342016
loving_lovelace;2017-03-07T01:14:49.000Z;1019535360
loving_lovelace;2017-03-07T01:14:59.000Z;1027612672
loving_lovelace;2017-03-07T01:15:09.000Z;1048690688
loving_lovelace;2017-03-07T01:15:19.000Z;1037856768
loving_lovelace;2017-03-07T01:15:29.000Z;1017769984
loving_lovelace;2017-03-07T01:15:39.000Z;1019199488
loving_lovelace;2017-03-07T01:15:49.000Z;1057959936
loving_lovelace;2017-03-07T01:15:59.000Z;1061654528
loving_lovelace;2017-03-07T01:16:09.000Z;1023111168
loving_lovelace;2017-03-07T01:16:19.000Z;1059930112
loving_lovelace;2017-03-07T01:16:29.000Z;1030651904
loving_lovelace;2017-03-07T01:16:39.000Z;1057640448
loving_lovelace;2017-03-07T01:16:49.000Z;1020743680
loving_lovelace;2017-03-07T01:16:59.000Z;1022672896
loving_lovelace;2017-03-07T01:17:09.000Z;1023533056
loving_lovelace;2017-03-07T01:17:19.000Z;1041256448
loving_lovelace;2017-03-07T01:17:29.000Z;1077796864
loving_lovelace;2017-03-07T01:17:39.000Z;1029881856
loving_lovelace;2017-03-07T01:17:49.000Z;779587584
loving_lovelace;2017-03-07T01:17:59.000Z;779587584
loving_lovelace;2017-03-07T01:18:09.000Z;779587584
loving_lovelace;2017-03-07T01:18:19.000Z;779612160
loving_lovelace;2017-03-07T01:18:29.000Z;779608064
loving_lovelace;2017-03-07T01:18:39.000Z;779608064
loving_lovelace;2017-03-07T01:18:49.000Z;779608064
nodeexporter;2017-03-07T00:37:29.000Z;15335424
nodeexporter;2017-03-07T00:37:39.000Z;15351808
nodeexporter;2017-03-07T00:37:49.000Z;15347712
nodeexporter;2017-03-07T00:37:59.000Z;15347712
nodeexporter;2017-03-07T00:38:09.000Z;15347712
nodeexporter;2017-03-07T00:38:19.000Z;15343616
nodeexporter;2017-03-07T00:38:29.000Z;15343616
nodeexporter;2017-03-07T00:38:39.000Z;15343616
nodeexporter;2017-03-07T00:38:49.000Z;15351808
nodeexporter;2017-03-07T00:38:59.000Z;15355904
nodeexporter;2017-03-07T00:39:09.000Z;15355904
nodeexporter;2017-03-07T00:39:19.000Z;15355904
nodeexporter;2017-03-07T00:39:29.000Z;15364096
nodeexporter;2017-03-07T00:39:39.000Z;15364096
nodeexporter;2017-03-07T00:39:49.000Z;15368192
nodeexporter;2017-03-07T00:39:59.000Z;15364096
nodeexporter;2017-03-07T00:40:09.000Z;15368192
nodeexporter;2017-03-07T00:40:19.000Z;15380480
nodeexporter;2017-03-07T00:40:29.000Z;15376384
nodeexporter;2017-03-07T00:40:39.000Z;15376384
nodeexporter;2017-03-07T00:40:49.000Z;15380480
nodeexporter;2017-03-07T00:40:59.000Z;15380480
nodeexporter;2017-03-07T00:41:09.000Z;15364096
nodeexporter;2017-03-07T00:41:19.000Z;15364096
nodeexporter;2017-03-07T00:41:29.000Z;15372288
nodeexporter;2017-03-07T00:41:39.000Z;15368192
nodeexporter;2017-03-07T00:41:49.000Z;15368192
nodeexporter;2017-03-07T00:41:59.000Z;15364096
nodeexporter;2017-03-07T00:42:09.000Z;15376384
nodeexporter;2017-03-07T00:42:19.000Z;15360000
nodeexporter;2017-03-07T00:42:29.000Z;15360000
nodeexporter;2017-03-07T00:42:39.000Z;15368192
nodeexporter;2017-03-07T00:42:49.000Z;15372288
nodeexporter;2017-03-07T00:42:59.000Z;15368192
nodeexporter;2017-03-07T00:43:09.000Z;15372288
nodeexporter;2017-03-07T00:43:19.000Z;15372288
nodeexporter;2017-03-07T00:43:29.000Z;15372288
nodeexporter;2017-03-07T00:43:39.000Z;15384576
nodeexporter;2017-03-07T00:43:49.000Z;15384576
nodeexporter;2017-03-07T00:43:59.000Z;15376384
nodeexporter;2017-03-07T00:44:09.000Z;15368192
nodeexporter;2017-03-07T00:44:19.000Z;15372288
nodeexporter;2017-03-07T00:44:29.000Z;15380480
nodeexporter;2017-03-07T00:44:39.000Z;15376384
nodeexporter;2017-03-07T00:44:49.000Z;15376384
nodeexporter;2017-03-07T00:44:59.000Z;15384576
nodeexporter;2017-03-07T00:45:09.000Z;15384576
nodeexporter;2017-03-07T00:45:19.000Z;15380480
nodeexporter;2017-03-07T00:45:29.000Z;15376384
nodeexporter;2017-03-07T00:45:39.000Z;15376384
nodeexporter;2017-03-07T00:45:49.000Z;15372288
nodeexporter;2017-03-07T00:45:59.000Z;15372288
nodeexporter;2017-03-07T00:46:09.000Z;15380480
nodeexporter;2017-03-07T00:46:19.000Z;15376384
nodeexporter;2017-03-07T00:46:29.000Z;15372288
nodeexporter;2017-03-07T00:46:39.000Z;15364096
nodeexporter;2017-03-07T00:46:49.000Z;15368192
nodeexporter;2017-03-07T00:46:59.000Z;15388672
nodeexporter;2017-03-07T00:47:09.000Z;15388672
nodeexporter;2017-03-07T00:47:19.000Z;15392768
nodeexporter;2017-03-07T00:47:29.000Z;15388672
nodeexporter;2017-03-07T00:47:39.000Z;15388672
nodeexporter;2017-03-07T00:47:49.000Z;15384576
nodeexporter;2017-03-07T00:47:59.000Z;15376384
nodeexporter;2017-03-07T00:48:09.000Z;15364096
nodeexporter;2017-03-07T00:48:19.000Z;15368192
nodeexporter;2017-03-07T00:48:29.000Z;15376384
nodeexporter;2017-03-07T00:48:39.000Z;15368192
nodeexporter;2017-03-07T00:48:49.000Z;15376384
nodeexporter;2017-03-07T00:48:59.000Z;15376384
nodeexporter;2017-03-07T00:49:09.000Z;15372288
nodeexporter;2017-03-07T00:49:19.000Z;15376384
nodeexporter;2017-03-07T00:49:29.000Z;15376384
nodeexporter;2017-03-07T00:49:39.000Z;15384576
nodeexporter;2017-03-07T00:49:49.000Z;15384576
nodeexporter;2017-03-07T00:49:59.000Z;15380480
nodeexporter;2017-03-07T00:50:09.000Z;15380480
nodeexporter;2017-03-07T00:50:19.000Z;15409152
nodeexporter;2017-03-07T00:50:29.000Z;15409152
nodeexporter;2017-03-07T00:50:39.000Z;15405056
nodeexporter;2017-03-07T00:50:49.000Z;15400960
nodeexporter;2017-03-07T00:50:59.000Z;15392768
nodeexporter;2017-03-07T00:51:09.000Z;15380480
nodeexporter;2017-03-07T00:51:19.000Z;15384576
nodeexporter;2017-03-07T00:51:29.000Z;15388672
nodeexporter;2017-03-07T00:51:39.000Z;15384576
nodeexporter;2017-03-07T00:51:49.000Z;15384576
nodeexporter;2017-03-07T00:51:59.000Z;15392768
nodeexporter;2017-03-07T00:52:09.000Z;15396864
nodeexporter;2017-03-07T00:52:19.000Z;15392768
nodeexporter;2017-03-07T00:52:29.000Z;15388672
nodeexporter;2017-03-07T00:52:39.000Z;15380480
nodeexporter;2017-03-07T00:52:49.000Z;15384576
nodeexporter;2017-03-07T00:52:59.000Z;15384576
nodeexporter;2017-03-07T00:53:09.000Z;15388672
nodeexporter;2017-03-07T00:53:19.000Z;15392768
nodeexporter;2017-03-07T00:53:29.000Z;15405056
nodeexporter;2017-03-07T00:53:39.000Z;15409152
nodeexporter;2017-03-07T00:53:49.000Z;15400960
nodeexporter;2017-03-07T00:53:59.000Z;15405056
nodeexporter;2017-03-07T00:54:09.000Z;15400960
nodeexporter;2017-03-07T00:54:19.000Z;15392768
nodeexporter;2017-03-07T00:54:29.000Z;15392768
nodeexporter;2017-03-07T00:54:39.000Z;15400960
nodeexporter;2017-03-07T00:54:49.000Z;15396864
nodeexporter;2017-03-07T00:54:59.000Z;15392768
nodeexporter;2017-03-07T00:55:09.000Z;15392768
nodeexporter;2017-03-07T00:55:19.000Z;15392768
nodeexporter;2017-03-07T00:55:29.000Z;15400960
nodeexporter;2017-03-07T00:55:39.000Z;15392768
nodeexporter;2017-03-07T00:55:49.000Z;15388672
nodeexporter;2017-03-07T00:55:59.000Z;15388672
nodeexporter;2017-03-07T00:56:09.000Z;15380480
nodeexporter;2017-03-07T00:56:19.000Z;15384576
nodeexporter;2017-03-07T00:56:29.000Z;15388672
nodeexporter;2017-03-07T00:56:39.000Z;15388672
nodeexporter;2017-03-07T00:56:49.000Z;15392768
nodeexporter;2017-03-07T00:56:59.000Z;15388672
nodeexporter;2017-03-07T00:57:09.000Z;15396864
nodeexporter;2017-03-07T00:57:19.000Z;15388672
nodeexporter;2017-03-07T00:57:29.000Z;15396864
nodeexporter;2017-03-07T00:57:39.000Z;15396864
nodeexporter;2017-03-07T00:57:49.000Z;15396864
nodeexporter;2017-03-07T00:57:59.000Z;15405056
nodeexporter;2017-03-07T00:58:09.000Z;15405056
nodeexporter;2017-03-07T00:58:19.000Z;15400960
nodeexporter;2017-03-07T00:58:29.000Z;15396864
nodeexporter;2017-03-07T00:58:39.000Z;15400960
nodeexporter;2017-03-07T00:58:49.000Z;15384576
nodeexporter;2017-03-07T00:58:59.000Z;15384576
nodeexporter;2017-03-07T00:59:09.000Z;15388672
nodeexporter;2017-03-07T00:59:19.000Z;15400960
nodeexporter;2017-03-07T00:59:29.000Z;15400960
nodeexporter;2017-03-07T00:59:39.000Z;15400960
nodeexporter;2017-03-07T00:59:49.000Z;15400960
nodeexporter;2017-03-07T00:59:59.000Z;15400960
nodeexporter;2017-03-07T01:00:09.000Z;15396864
nodeexporter;2017-03-07T01:00:19.000Z;15392768
nodeexporter;2017-03-07T01:00:29.000Z;15400960
nodeexporter;2017-03-07T01:00:39.000Z;15396864
nodeexporter;2017-03-07T01:00:49.000Z;15396864
nodeexporter;2017-03-07T01:00:59.000Z;15396864
nodeexporter;2017-03-07T01:01:09.000Z;15388672
nodeexporter;2017-03-07T01:01:19.000Z;15388672
nodeexporter;2017-03-07T01:01:29.000Z;15400960
nodeexporter;2017-03-07T01:01:39.000Z;15405056
nodeexporter;2017-03-07T01:01:49.000Z;15405056
nodeexporter;2017-03-07T01:01:59.000Z;15405056
nodeexporter;2017-03-07T01:02:09.000Z;15413248
nodeexporter;2017-03-07T01:02:19.000Z;15409152
nodeexporter;2017-03-07T01:02:29.000Z;15421440
nodeexporter;2017-03-07T01:02:39.000Z;15409152
nodeexporter;2017-03-07T01:02:49.000Z;15400960
nodeexporter;2017-03-07T01:02:59.000Z;15396864
nodeexporter;2017-03-07T01:03:09.000Z;15405056
nodeexporter;2017-03-07T01:03:19.000Z;15409152
nodeexporter;2017-03-07T01:03:29.000Z;15409152
nodeexporter;2017-03-07T01:03:39.000Z;15409152
nodeexporter;2017-03-07T01:03:49.000Z;15417344
nodeexporter;2017-03-07T01:03:59.000Z;15417344
nodeexporter;2017-03-07T01:04:09.000Z;15421440
nodeexporter;2017-03-07T01:04:19.000Z;15429632
nodeexporter;2017-03-07T01:04:29.000Z;15421440
nodeexporter;2017-03-07T01:04:39.000Z;15417344
nodeexporter;2017-03-07T01:04:49.000Z;15417344
nodeexporter;2017-03-07T01:04:59.000Z;15413248
nodeexporter;2017-03-07T01:05:09.000Z;15417344
nodeexporter;2017-03-07T01:05:19.000Z;15409152
nodeexporter;2017-03-07T01:05:29.000Z;15413248
nodeexporter;2017-03-07T01:05:39.000Z;15405056
nodeexporter;2017-03-07T01:05:49.000Z;15405056
nodeexporter;2017-03-07T01:05:59.000Z;15409152
nodeexporter;2017-03-07T01:06:09.000Z;15409152
nodeexporter;2017-03-07T01:06:19.000Z;15417344
nodeexporter;2017-03-07T01:06:29.000Z;15413248
nodeexporter;2017-03-07T01:06:39.000Z;15413248
nodeexporter;2017-03-07T01:06:49.000Z;15417344
nodeexporter;2017-03-07T01:06:59.000Z;15425536
nodeexporter;2017-03-07T01:07:09.000Z;15417344
nodeexporter;2017-03-07T01:07:19.000Z;15421440
nodeexporter;2017-03-07T01:07:29.000Z;15421440
nodeexporter;2017-03-07T01:07:39.000Z;15417344
nodeexporter;2017-03-07T01:07:49.000Z;15429632
nodeexporter;2017-03-07T01:07:59.000Z;15429632
nodeexporter;2017-03-07T01:08:09.000Z;15421440
nodeexporter;2017-03-07T01:08:19.000Z;15429632
nodeexporter;2017-03-07T01:08:29.000Z;15425536
nodeexporter;2017-03-07T01:08:39.000Z;15433728
nodeexporter;2017-03-07T01:08:49.000Z;15437824
nodeexporter;2017-03-07T01:08:59.000Z;15421440
nodeexporter;2017-03-07T01:09:09.000Z;15429632
nodeexporter;2017-03-07T01:09:19.000Z;15425536
nodeexporter;2017-03-07T01:09:29.000Z;15429632
nodeexporter;2017-03-07T01:09:39.000Z;15425536
nodeexporter;2017-03-07T01:09:49.000Z;15429632
nodeexporter;2017-03-07T01:09:59.000Z;15429632
nodeexporter;2017-03-07T01:10:09.000Z;15433728
nodeexporter;2017-03-07T01:10:19.000Z;15433728
nodeexporter;2017-03-07T01:10:29.000Z;15425536
nodeexporter;2017-03-07T01:10:39.000Z;15425536
nodeexporter;2017-03-07T01:10:49.000Z;15433728
nodeexporter;2017-03-07T01:10:59.000Z;15441920
nodeexporter;2017-03-07T01:11:09.000Z;15446016
nodeexporter;2017-03-07T01:11:19.000Z;15441920
nodeexporter;2017-03-07T01:11:29.000Z;15441920
nodeexporter;2017-03-07T01:11:39.000Z;15441920
nodeexporter;2017-03-07T01:11:49.000Z;15429632
nodeexporter;2017-03-07T01:11:59.000Z;15433728
nodeexporter;2017-03-07T01:12:09.000Z;15433728
nodeexporter;2017-03-07T01:12:19.000Z;15441920
nodeexporter;2017-03-07T01:12:29.000Z;15450112
nodeexporter;2017-03-07T01:12:39.000Z;15450112
nodeexporter;2017-03-07T01:12:49.000Z;15450112
nodeexporter;2017-03-07T01:12:59.000Z;15446016
nodeexporter;2017-03-07T01:13:09.000Z;15441920
nodeexporter;2017-03-07T01:13:19.000Z;15441920
nodeexporter;2017-03-07T01:13:29.000Z;15446016
nodeexporter;2017-03-07T01:13:39.000Z;15441920
nodeexporter;2017-03-07T01:13:49.000Z;15437824
nodeexporter;2017-03-07T01:13:59.000Z;15437824
nodeexporter;2017-03-07T01:14:09.000Z;15454208
nodeexporter;2017-03-07T01:14:19.000Z;15450112
nodeexporter;2017-03-07T01:14:29.000Z;15446016
nodeexporter;2017-03-07T01:14:39.000Z;15450112
nodeexporter;2017-03-07T01:14:49.000Z;15458304
nodeexporter;2017-03-07T01:14:59.000Z;15462400
nodeexporter;2017-03-07T01:15:09.000Z;15454208
nodeexporter;2017-03-07T01:15:19.000Z;15446016
nodeexporter;2017-03-07T01:15:29.000Z;15450112
nodeexporter;2017-03-07T01:15:39.000Z;15454208
nodeexporter;2017-03-07T01:15:49.000Z;15446016
nodeexporter;2017-03-07T01:15:59.000Z;15446016
nodeexporter;2017-03-07T01:16:09.000Z;15450112
nodeexporter;2017-03-07T01:16:19.000Z;15441920
nodeexporter;2017-03-07T01:16:29.000Z;15450112
nodeexporter;2017-03-07T01:16:39.000Z;15450112
nodeexporter;2017-03-07T01:16:49.000Z;15450112
nodeexporter;2017-03-07T01:16:59.000Z;15450112
nodeexporter;2017-03-07T01:17:09.000Z;15466496
nodeexporter;2017-03-07T01:17:19.000Z;15462400
nodeexporter;2017-03-07T01:17:29.000Z;15466496
nodeexporter;2017-03-07T01:17:39.000Z;15470592
nodeexporter;2017-03-07T01:17:49.000Z;15470592
nodeexporter;2017-03-07T01:17:59.000Z;15466496
nodeexporter;2017-03-07T01:18:09.000Z;15470592
nodeexporter;2017-03-07T01:18:19.000Z;15466496
nodeexporter;2017-03-07T01:18:29.000Z;15581184
nodeexporter;2017-03-07T01:18:39.000Z;15454208
nodeexporter;2017-03-07T01:18:49.000Z;15572992
prometheus;2017-03-07T00:37:29.000Z;166686720
prometheus;2017-03-07T00:37:39.000Z;166596608
prometheus;2017-03-07T00:37:49.000Z;166580224
prometheus;2017-03-07T00:37:59.000Z;166612992
prometheus;2017-03-07T00:38:09.000Z;166608896
prometheus;2017-03-07T00:38:19.000Z;166617088
prometheus;2017-03-07T00:38:29.000Z;166633472
prometheus;2017-03-07T00:38:39.000Z;166969344
prometheus;2017-03-07T00:38:49.000Z;167337984
prometheus;2017-03-07T00:38:59.000Z;167342080
prometheus;2017-03-07T00:39:09.000Z;167346176
prometheus;2017-03-07T00:39:19.000Z;167378944
prometheus;2017-03-07T00:39:29.000Z;167383040
prometheus;2017-03-07T00:39:39.000Z;167399424
prometheus;2017-03-07T00:39:49.000Z;167399424
prometheus;2017-03-07T00:39:59.000Z;167444480
prometheus;2017-03-07T00:40:09.000Z;167448576
prometheus;2017-03-07T00:40:19.000Z;167456768
prometheus;2017-03-07T00:40:29.000Z;167469056
prometheus;2017-03-07T00:40:39.000Z;167493632
prometheus;2017-03-07T00:40:49.000Z;167501824
prometheus;2017-03-07T00:40:59.000Z;167497728
prometheus;2017-03-07T00:41:09.000Z;167514112
prometheus;2017-03-07T00:41:19.000Z;167530496
prometheus;2017-03-07T00:41:29.000Z;167550976
prometheus;2017-03-07T00:41:39.000Z;167596032
prometheus;2017-03-07T00:41:49.000Z;167608320
prometheus;2017-03-07T00:41:59.000Z;167620608
prometheus;2017-03-07T00:42:09.000Z;167628800
prometheus;2017-03-07T00:42:19.000Z;167632896
prometheus;2017-03-07T00:42:29.000Z;167649280
prometheus;2017-03-07T00:42:39.000Z;167665664
prometheus;2017-03-07T00:42:49.000Z;167632896
prometheus;2017-03-07T00:42:59.000Z;167636992
prometheus;2017-03-07T00:43:09.000Z;167636992
prometheus;2017-03-07T00:43:19.000Z;167636992
prometheus;2017-03-07T00:43:29.000Z;167669760
prometheus;2017-03-07T00:43:39.000Z;167669760
prometheus;2017-03-07T00:43:49.000Z;167690240
prometheus;2017-03-07T00:43:59.000Z;167718912
prometheus;2017-03-07T00:44:09.000Z;167743488
prometheus;2017-03-07T00:44:19.000Z;167739392
prometheus;2017-03-07T00:44:29.000Z;167759872
prometheus;2017-03-07T00:44:39.000Z;167796736
prometheus;2017-03-07T00:44:49.000Z;167825408
prometheus;2017-03-07T00:44:59.000Z;167845888
prometheus;2017-03-07T00:45:09.000Z;167854080
prometheus;2017-03-07T00:45:19.000Z;167866368
prometheus;2017-03-07T00:45:29.000Z;167895040
prometheus;2017-03-07T00:45:39.000Z;167911424
prometheus;2017-03-07T00:45:49.000Z;167907328
prometheus;2017-03-07T00:45:59.000Z;167903232
prometheus;2017-03-07T00:46:09.000Z;167915520
prometheus;2017-03-07T00:46:19.000Z;167931904
prometheus;2017-03-07T00:46:29.000Z;167927808
prometheus;2017-03-07T00:46:39.000Z;167940096
prometheus;2017-03-07T00:46:49.000Z;167948288
prometheus;2017-03-07T00:46:59.000Z;167948288
prometheus;2017-03-07T00:47:09.000Z;168132608
prometheus;2017-03-07T00:47:19.000Z;168132608
prometheus;2017-03-07T00:47:29.000Z;168132608
prometheus;2017-03-07T00:47:39.000Z;168132608
prometheus;2017-03-07T00:47:49.000Z;167948288
prometheus;2017-03-07T00:47:59.000Z;167948288
prometheus;2017-03-07T00:48:09.000Z;167981056
prometheus;2017-03-07T00:48:19.000Z;167976960
prometheus;2017-03-07T00:48:29.000Z;167993344
prometheus;2017-03-07T00:48:39.000Z;168005632
prometheus;2017-03-07T00:48:49.000Z;168017920
prometheus;2017-03-07T00:48:59.000Z;168030208
prometheus;2017-03-07T00:49:09.000Z;168042496
prometheus;2017-03-07T00:49:19.000Z;168062976
prometheus;2017-03-07T00:49:29.000Z;168103936
prometheus;2017-03-07T00:49:39.000Z;168140800
prometheus;2017-03-07T00:49:49.000Z;168161280
prometheus;2017-03-07T00:49:59.000Z;168169472
prometheus;2017-03-07T00:50:09.000Z;168169472
prometheus;2017-03-07T00:50:19.000Z;168185856
prometheus;2017-03-07T00:50:29.000Z;168173568
prometheus;2017-03-07T00:50:39.000Z;168177664
prometheus;2017-03-07T00:50:49.000Z;168194048
prometheus;2017-03-07T00:50:59.000Z;168230912
prometheus;2017-03-07T00:51:09.000Z;168284160
prometheus;2017-03-07T00:51:19.000Z;168300544
prometheus;2017-03-07T00:51:29.000Z;168321024
prometheus;2017-03-07T00:51:39.000Z;168366080
prometheus;2017-03-07T00:51:49.000Z;168378368
prometheus;2017-03-07T00:51:59.000Z;168402944
prometheus;2017-03-07T00:52:09.000Z;168402944
prometheus;2017-03-07T00:52:19.000Z;168419328
prometheus;2017-03-07T00:52:29.000Z;168427520
prometheus;2017-03-07T00:52:39.000Z;168443904
prometheus;2017-03-07T00:52:49.000Z;168656896
prometheus;2017-03-07T00:52:59.000Z;168685568
prometheus;2017-03-07T00:53:09.000Z;168685568
prometheus;2017-03-07T00:53:19.000Z;168722432
prometheus;2017-03-07T00:53:29.000Z;168701952
prometheus;2017-03-07T00:53:39.000Z;168722432
prometheus;2017-03-07T00:53:49.000Z;168763392
prometheus;2017-03-07T00:53:59.000Z;168775680
prometheus;2017-03-07T00:54:09.000Z;168775680
prometheus;2017-03-07T00:54:19.000Z;168771584
prometheus;2017-03-07T00:54:29.000Z;168808448
prometheus;2017-03-07T00:54:39.000Z;168812544
prometheus;2017-03-07T00:54:49.000Z;168820736
prometheus;2017-03-07T00:54:59.000Z;169734144
prometheus;2017-03-07T00:55:09.000Z;169738240
prometheus;2017-03-07T00:55:19.000Z;169762816
prometheus;2017-03-07T00:55:29.000Z;169918464
prometheus;2017-03-07T00:55:39.000Z;169930752
prometheus;2017-03-07T00:55:49.000Z;169955328
prometheus;2017-03-07T00:55:59.000Z;169984000
prometheus;2017-03-07T00:56:09.000Z;169996288
prometheus;2017-03-07T00:56:19.000Z;171405312
prometheus;2017-03-07T00:56:29.000Z;172134400
prometheus;2017-03-07T00:56:39.000Z;172150784
prometheus;2017-03-07T00:56:49.000Z;172163072
prometheus;2017-03-07T00:56:59.000Z;172171264
prometheus;2017-03-07T00:57:09.000Z;172171264
prometheus;2017-03-07T00:57:19.000Z;172199936
prometheus;2017-03-07T00:57:29.000Z;172204032
prometheus;2017-03-07T00:57:39.000Z;172208128
prometheus;2017-03-07T00:57:49.000Z;172044288
prometheus;2017-03-07T00:57:59.000Z;172093440
prometheus;2017-03-07T00:58:09.000Z;172097536
prometheus;2017-03-07T00:58:19.000Z;172093440
prometheus;2017-03-07T00:58:29.000Z;172126208
prometheus;2017-03-07T00:58:39.000Z;172163072
prometheus;2017-03-07T00:58:49.000Z;172183552
prometheus;2017-03-07T00:58:59.000Z;172195840
prometheus;2017-03-07T00:59:09.000Z;172199936
prometheus;2017-03-07T00:59:19.000Z;172216320
prometheus;2017-03-07T00:59:29.000Z;172244992
prometheus;2017-03-07T00:59:39.000Z;172269568
prometheus;2017-03-07T00:59:49.000Z;172298240
prometheus;2017-03-07T00:59:59.000Z;172310528
prometheus;2017-03-07T01:00:09.000Z;172359680
prometheus;2017-03-07T01:00:19.000Z;172371968
prometheus;2017-03-07T01:00:29.000Z;172367872
prometheus;2017-03-07T01:00:39.000Z;172380160
prometheus;2017-03-07T01:00:49.000Z;172478464
prometheus;2017-03-07T01:00:59.000Z;172515328
prometheus;2017-03-07T01:01:09.000Z;172523520
prometheus;2017-03-07T01:01:19.000Z;172593152
prometheus;2017-03-07T01:01:29.000Z;172646400
prometheus;2017-03-07T01:01:39.000Z;172670976
prometheus;2017-03-07T01:01:49.000Z;172675072
prometheus;2017-03-07T01:01:59.000Z;172711936
prometheus;2017-03-07T01:02:09.000Z;172720128
prometheus;2017-03-07T01:02:19.000Z;172728320
prometheus;2017-03-07T01:02:29.000Z;172765184
prometheus;2017-03-07T01:02:39.000Z;172822528
prometheus;2017-03-07T01:02:49.000Z;196857856
prometheus;2017-03-07T01:02:59.000Z;172453888
prometheus;2017-03-07T01:03:09.000Z;172453888
prometheus;2017-03-07T01:03:19.000Z;172474368
prometheus;2017-03-07T01:03:29.000Z;172503040
prometheus;2017-03-07T01:03:39.000Z;172523520
prometheus;2017-03-07T01:03:49.000Z;172527616
prometheus;2017-03-07T01:03:59.000Z;172556288
prometheus;2017-03-07T01:04:09.000Z;172601344
prometheus;2017-03-07T01:04:19.000Z;172601344
prometheus;2017-03-07T01:04:29.000Z;172617728
prometheus;2017-03-07T01:04:39.000Z;172617728
prometheus;2017-03-07T01:04:49.000Z;172621824
prometheus;2017-03-07T01:04:59.000Z;172621824
prometheus;2017-03-07T01:05:09.000Z;172638208
prometheus;2017-03-07T01:05:19.000Z;172654592
prometheus;2017-03-07T01:05:29.000Z;172687360
prometheus;2017-03-07T01:05:39.000Z;172711936
prometheus;2017-03-07T01:05:49.000Z;172769280
prometheus;2017-03-07T01:05:59.000Z;172781568
prometheus;2017-03-07T01:06:09.000Z;172814336
prometheus;2017-03-07T01:06:19.000Z;172847104
prometheus;2017-03-07T01:06:29.000Z;172859392
prometheus;2017-03-07T01:06:39.000Z;172875776
prometheus;2017-03-07T01:06:49.000Z;172888064
prometheus;2017-03-07T01:06:59.000Z;172888064
prometheus;2017-03-07T01:07:09.000Z;172904448
prometheus;2017-03-07T01:07:19.000Z;172924928
prometheus;2017-03-07T01:07:29.000Z;172912640
prometheus;2017-03-07T01:07:39.000Z;172916736
prometheus;2017-03-07T01:07:49.000Z;173125632
prometheus;2017-03-07T01:07:59.000Z;173125632
prometheus;2017-03-07T01:08:09.000Z;173150208
prometheus;2017-03-07T01:08:19.000Z;173174784
prometheus;2017-03-07T01:08:29.000Z;173223936
prometheus;2017-03-07T01:08:39.000Z;173514752
prometheus;2017-03-07T01:08:49.000Z;173527040
prometheus;2017-03-07T01:08:59.000Z;173543424
prometheus;2017-03-07T01:09:09.000Z;173551616
prometheus;2017-03-07T01:09:19.000Z;173576192
prometheus;2017-03-07T01:09:29.000Z;174989312
prometheus;2017-03-07T01:09:39.000Z;174993408
prometheus;2017-03-07T01:09:49.000Z;175009792
prometheus;2017-03-07T01:09:59.000Z;175034368
prometheus;2017-03-07T01:10:09.000Z;175050752
prometheus;2017-03-07T01:10:19.000Z;175063040
prometheus;2017-03-07T01:10:29.000Z;175063040
prometheus;2017-03-07T01:10:39.000Z;175071232
prometheus;2017-03-07T01:10:49.000Z;175128576
prometheus;2017-03-07T01:10:59.000Z;175132672
prometheus;2017-03-07T01:11:09.000Z;175132672
prometheus;2017-03-07T01:11:19.000Z;175149056
prometheus;2017-03-07T01:11:29.000Z;175177728
prometheus;2017-03-07T01:11:39.000Z;175185920
prometheus;2017-03-07T01:11:49.000Z;175181824
prometheus;2017-03-07T01:11:59.000Z;175206400
prometheus;2017-03-07T01:12:09.000Z;175214592
prometheus;2017-03-07T01:12:19.000Z;175218688
prometheus;2017-03-07T01:12:29.000Z;175230976
prometheus;2017-03-07T01:12:39.000Z;175280128
prometheus;2017-03-07T01:12:49.000Z;175276032
prometheus;2017-03-07T01:12:59.000Z;175353856
prometheus;2017-03-07T01:13:09.000Z;175366144
prometheus;2017-03-07T01:13:19.000Z;175370240
prometheus;2017-03-07T01:13:29.000Z;175403008
prometheus;2017-03-07T01:13:39.000Z;175644672
prometheus;2017-03-07T01:13:49.000Z;175661056
prometheus;2017-03-07T01:13:59.000Z;175677440
prometheus;2017-03-07T01:14:09.000Z;175693824
prometheus;2017-03-07T01:14:19.000Z;175734784
prometheus;2017-03-07T01:14:29.000Z;175742976
prometheus;2017-03-07T01:14:39.000Z;175775744
prometheus;2017-03-07T01:14:49.000Z;175783936
prometheus;2017-03-07T01:14:59.000Z;175788032
prometheus;2017-03-07T01:15:09.000Z;175804416
prometheus;2017-03-07T01:15:19.000Z;175796224
prometheus;2017-03-07T01:15:29.000Z;175804416
prometheus;2017-03-07T01:15:39.000Z;175824896
prometheus;2017-03-07T01:15:49.000Z;175861760
prometheus;2017-03-07T01:15:59.000Z;175869952
prometheus;2017-03-07T01:16:09.000Z;175874048
prometheus;2017-03-07T01:16:19.000Z;175874048
prometheus;2017-03-07T01:16:29.000Z;175927296
prometheus;2017-03-07T01:16:39.000Z;175955968
prometheus;2017-03-07T01:16:49.000Z;175992832
prometheus;2017-03-07T01:16:59.000Z;176001024
prometheus;2017-03-07T01:17:09.000Z;176013312
prometheus;2017-03-07T01:17:19.000Z;176058368
prometheus;2017-03-07T01:17:29.000Z;176078848
prometheus;2017-03-07T01:17:39.000Z;176082944
prometheus;2017-03-07T01:17:49.000Z;176082944
prometheus;2017-03-07T01:17:59.000Z;176013312
prometheus;2017-03-07T01:18:09.000Z;176136192
prometheus;2017-03-07T01:18:19.000Z;176017408
prometheus;2017-03-07T01:18:29.000Z;176009216
prometheus;2017-03-07T01:18:39.000Z;176017408
prometheus;2017-03-07T01:18:49.000Z;175894528
