1503,6,,,,
"Freq_Hz","AoA_Deg","Chord_m","V_inf_mps","displ_thick_m","sound_db"
800,0,0.3048,71.3,0.0026634,126.2
1000,0,0.3048,71.3,0.0026634,125.2
1250,0,0.3048,71.3,0.0026634,125.95
1600,0,0.3048,71.3,0.0026634,127.59
2000,0,0.3048,71.3,0.0026634,127.46
2500,0,0.3048,71.3,0.0026634,125.57
3150,0,0.3048,71.3,0.0026634,125.2
4000,0,0.3048,71.3,0.0026634,123.06
5000,0,0.3048,71.3,0.0026634,121.3
6300,0,0.3048,71.3,0.0026634,119.54
8000,0,0.3048,71.3,0.0026634,117.15
10000,0,0.3048,71.3,0.0026634,115.39
12500,0,0.3048,71.3,0.0026634,112.24
16000,0,0.3048,71.3,0.0026634,108.72
500,0,0.3048,55.5,0.0028308,126.42
630,0,0.3048,55.5,0.0028308,127.7
800,0,0.3048,55.5,0.0028308,128.09
1000,0,0.3048,55.5,0.0028308,126.97
1250,0,0.3048,55.5,0.0028308,126.09
1600,0,0.3048,55.5,0.0028308,126.99
2000,0,0.3048,55.5,0.0028308,126.62
2500,0,0.3048,55.5,0.0028308,124.11
3150,0,0.3048,55.5,0.0028308,123.24
4000,0,0.3048,55.5,0.0028308,121.11
5000,0,0.3048,55.5,0.0028308,119.61
6300,0,0.3048,55.5,0.0028308,117.98
8000,0,0.3048,55.5,0.0028308,116.48
10000,0,0.3048,55.5,0.0028308,113.08
12500,0,0.3048,55.5,0.0028308,111.08
200,0,0.3048,39.6,0.0031014,118.13
250,0,0.3048,39.6,0.0031014,119.32
315,0,0.3048,39.6,0.0031014,122.78
400,0,0.3048,39.6,0.0031014,124.81
500,0,0.3048,39.6,0.0031014,126.96
630,0,0.3048,39.6,0.0031014,128.63
800,0,0.3048,39.6,0.0031014,129.1
1000,0,0.3048,39.6,0.0031014,127.9
1250,0,0.3048,39.6,0.0031014,125.5
1600,0,0.3048,39.6,0.0031014,124.05
2000,0,0.3048,39.6,0.0031014,123.69
2500,0,0.3048,39.6,0.0031014,121.4
3150,0,0.3048,39.6,0.0031014,120.32
4000,0,0.3048,39.6,0.0031014,119.23
5000,0,0.3048,39.6,0.0031014,117.79
6300,0,0.3048,39.6,0.0031014,116.23
8000,0,0.3048,39.6,0.0031014,114.78
10000,0,0.3048,39.6,0.0031014,112.14
12500,0,0.3048,39.6,0.0031014,109.62
200,0,0.3048,31.7,0.0033127,117.19
250,0,0.3048,31.7,0.0033127,118.6
315,0,0.3048,31.7,0.0033127,122.77
400,0,0.3048,31.7,0.0033127,125.05
500,0,0.3048,31.7,0.0033127,127.32
630,0,0.3048,31.7,0.0033127,129.1
800,0,0.3048,31.7,0.0033127,129.24
1000,0,0.3048,31.7,0.0033127,127.36
1250,0,0.3048,31.7,0.0033127,124.36
1600,0,0.3048,31.7,0.0033127,122.36
2000,0,0.3048,31.7,0.0033127,122.38
2500,0,0.3048,31.7,0.0033127,120.76
3150,0,0.3048,31.7,0.0033127,119.14
4000,0,0.3048,31.7,0.0033127,118.15
5000,0,0.3048,31.7,0.0033127,115.65
6300,0,0.3048,31.7,0.0033127,113.78
8000,0,0.3048,31.7,0.0033127,110.52
10000,0,0.3048,31.7,0.0033127,108.27
800,1.5,0.3048,71.3,0.0033673,127.12
1000,1.5,0.3048,71.3,0.0033673,125.99
1250,1.5,0.3048,71.3,0.0033673,125.87
1600,1.5,0.3048,71.3,0.0033673,126.63
2000,1.5,0.3048,71.3,0.0033673,126.64
2500,1.5,0.3048,71.3,0.0033673,124.51
3150,1.5,0.3048,71.3,0.0033673,123.39
4000,1.5,0.3048,71.3,0.0033673,121.76
5000,1.5,0.3048,71.3,0.0033673,119.63
6300,1.5,0.3048,71.3,0.0033673,118.12
8000,1.5,0.3048,71.3,0.0033673,115.37
10000,1.5,0.3048,71.3,0.0033673,113.49
12500,1.5,0.3048,71.3,0.0033673,109.22
16000,1.5,0.3048,71.3,0.0033673,106.58
315,1.5,0.3048,39.6,0.0039211,121.85
400,1.5,0.3048,39.6,0.0039211,124
500,1.5,0.3048,39.6,0.0039211,126.66
630,1.5,0.3048,39.6,0.0039211,128.31
800,1.5,0.3048,39.6,0.0039211,128.83
1000,1.5,0.3048,39.6,0.0039211,127.58
1250,1.5,0.3048,39.6,0.0039211,125.21
1600,1.5,0.3048,39.6,0.0039211,122.21
2000,1.5,0.3048,39.6,0.0039211,122.1
2500,1.5,0.3048,39.6,0.0039211,120.98
3150,1.5,0.3048,39.6,0.0039211,119.11
4000,1.5,0.3048,39.6,0.0039211,117.74
5000,1.5,0.3048,39.6,0.0039211,116.24
6300,1.5,0.3048,39.6,0.0039211,114.75
8000,1.5,0.3048,39.6,0.0039211,112.25
10000,1.5,0.3048,39.6,0.0039211,108.99
12500,1.5,0.3048,39.6,0.0039211,106.11
400,3,0.3048,71.3,0.0042573,127.56
500,3,0.3048,71.3,0.0042573,128.45
630,3,0.3048,71.3,0.0042573,129.35
800,3,0.3048,71.3,0.0042573,129.49
1000,3,0.3048,71.3,0.0042573,129
1250,3,0.3048,71.3,0.0042573,127.63
1600,3,0.3048,71.3,0.0042573,126.51
2000,3,0.3048,71.3,0.0042573,125.52
2500,3,0.3048,71.3,0.0042573,124.02
3150,3,0.3048,71.3,0.0042573,121.51
4000,3,0.3048,71.3,0.0042573,120.26
5000,3,0.3048,71.3,0.0042573,118.13
6300,3,0.3048,71.3,0.0042573,116.13
8000,3,0.3048,71.3,0.0042573,114.63
10000,3,0.3048,71.3,0.0042573,110.22
400,3,0.3048,55.5,0.0045249,126.16
500,3,0.3048,55.5,0.0045249,128.18
630,3,0.3048,55.5,0.0045249,129.57
800,3,0.3048,55.5,0.0045249,129.95
1000,3,0.3048,55.5,0.0045249,129.33
1250,3,0.3048,55.5,0.0045249,127.33
1600,3,0.3048,55.5,0.0045249,124.44
2000,3,0.3048,55.5,0.0045249,123.07
2500,3,0.3048,55.5,0.0045249,122.44
3150,3,0.3048,55.5,0.0045249,120.19
4000,3,0.3048,55.5,0.0045249,118.69
5000,3,0.3048,55.5,0.0045249,117.31
6300,3,0.3048,55.5,0.0045249,115.68
8000,3,0.3048,55.5,0.0045249,113.8
10000,3,0.3048,55.5,0.0045249,112.17
315,3,0.3048,39.6,0.0049574,123.31
400,3,0.3048,39.6,0.0049574,125.47
500,3,0.3048,39.6,0.0049574,127.63
630,3,0.3048,39.6,0.0049574,129.29
800,3,0.3048,39.6,0.0049574,129.55
1000,3,0.3048,39.6,0.0049574,128.31
1250,3,0.3048,39.6,0.0049574,125.8
1600,3,0.3048,39.6,0.0049574,122.78
2000,3,0.3048,39.6,0.0049574,120.53
2500,3,0.3048,39.6,0.0049574,120.16
3150,3,0.3048,39.6,0.0049574,118.92
4000,3,0.3048,39.6,0.0049574,116.79
5000,3,0.3048,39.6,0.0049574,115.79
6300,3,0.3048,39.6,0.0049574,114.04
8000,3,0.3048,39.6,0.0049574,110.65
315,3,0.3048,31.7,0.0052951,123.12
400,3,0.3048,31.7,0.0052951,125.4
500,3,0.3048,31.7,0.0052951,127.55
630,3,0.3048,31.7,0.0052951,128.7
800,3,0.3048,31.7,0.0052951,128.71
1000,3,0.3048,31.7,0.0052951,126.84
1250,3,0.3048,31.7,0.0052951,124.84
1600,3,0.3048,31.7,0.0052951,122.09
2000,3,0.3048,31.7,0.0052951,120.09
2500,3,0.3048,31.7,0.0052951,119.6
3150,3,0.3048,31.7,0.0052951,118.11
4000,3,0.3048,31.7,0.0052951,115.61
5000,3,0.3048,31.7,0.0052951,113.86
6300,3,0.3048,31.7,0.0052951,109.72
250,4,0.3048,71.3,0.0049777,126.4
315,4,0.3048,71.3,0.0049777,128.18
400,4,0.3048,71.3,0.0049777,129.57
500,4,0.3048,71.3,0.0049777,130.72
630,4,0.3048,71.3,0.0049777,131.62
800,4,0.3048,71.3,0.0049777,131.76
1000,4,0.3048,71.3,0.0049777,131.01
1250,4,0.3048,71.3,0.0049777,129.4
1600,4,0.3048,71.3,0.0049777,126.65
2000,4,0.3048,71.3,0.0049777,124.4
2500,4,0.3048,71.3,0.0049777,123.78
3150,4,0.3048,71.3,0.0049777,121.78
4000,4,0.3048,71.3,0.0049777,119.54
5000,4,0.3048,71.3,0.0049777,117.79
6300,4,0.3048,71.3,0.0049777,116.17
8000,4,0.3048,71.3,0.0049777,113.67
10000,4,0.3048,71.3,0.0049777,110.91
12500,4,0.3048,71.3,0.0049777,107.41
250,4,0.3048,39.6,0.0057964,123.54
315,4,0.3048,39.6,0.0057964,126.84
400,4,0.3048,39.6,0.0057964,128.63
500,4,0.3048,39.6,0.0057964,130.17
630,4,0.3048,39.6,0.0057964,131.07
800,4,0.3048,39.6,0.0057964,130.72
1000,4,0.3048,39.6,0.0057964,128.72
1250,4,0.3048,39.6,0.0057964,126.34
1600,4,0.3048,39.6,0.0057964,123.21
2000,4,0.3048,39.6,0.0057964,120.96
2500,4,0.3048,39.6,0.0057964,120.23
3150,4,0.3048,39.6,0.0057964,118.74
4000,4,0.3048,39.6,0.0057964,115.86
5000,4,0.3048,39.6,0.0057964,113.73
1250,0,0.2286,71.3,0.0021434,128.14
1600,0,0.2286,71.3,0.0021434,129.13
2000,0,0.2286,71.3,0.0021434,128.24
2500,0,0.2286,71.3,0.0021434,128.35
3150,0,0.2286,71.3,0.0021434,127.83
4000,0,0.2286,71.3,0.0021434,125.82
5000,0,0.2286,71.3,0.0021434,124.3
6300,0,0.2286,71.3,0.0021434,122.04
8000,0,0.2286,71.3,0.0021434,118.02
10000,0,0.2286,71.3,0.0021434,118.13
12500,0,0.2286,71.3,0.0021434,117.62
16000,0,0.2286,71.3,0.0021434,114.98
20000,0,0.2286,71.3,0.0021434,114.47
315,0,0.2286,55.5,0.0022934,119.54
400,0,0.2286,55.5,0.0022934,121.66
500,0,0.2286,55.5,0.0022934,123.78
630,0,0.2286,55.5,0.0022934,126.16
800,0,0.2286,55.5,0.0022934,127.53
1000,0,0.2286,55.5,0.0022934,128.29
1250,0,0.2286,55.5,0.0022934,127.91
1600,0,0.2286,55.5,0.0022934,126.79
2000,0,0.2286,55.5,0.0022934,126.54
2500,0,0.2286,55.5,0.0022934,126.54
3150,0,0.2286,55.5,0.0022934,125.16
4000,0,0.2286,55.5,0.0022934,123.41
5000,0,0.2286,55.5,0.0022934,122.41
6300,0,0.2286,55.5,0.0022934,118.41
315,0,0.2286,39.6,0.0025351,121.06
400,0,0.2286,39.6,0.0025351,123.57
500,0,0.2286,39.6,0.0025351,126.19
630,0,0.2286,39.6,0.0025351,128.71
800,0,0.2286,39.6,0.0025351,130.21
1000,0,0.2286,39.6,0.0025351,130.44
1250,0,0.2286,39.6,0.0025351,129.4
1600,0,0.2286,39.6,0.0025351,127.1
2000,0,0.2286,39.6,0.0025351,125.31
2500,0,0.2286,39.6,0.0025351,125.03
3150,0,0.2286,39.6,0.0025351,124.63
4000,0,0.2286,39.6,0.0025351,123.47
5000,0,0.2286,39.6,0.0025351,122.18
6300,0,0.2286,39.6,0.0025351,117.47
315,0,0.2286,31.7,0.0027238,120.6
400,0,0.2286,31.7,0.0027238,123.64
500,0,0.2286,31.7,0.0027238,126.68
630,0,0.2286,31.7,0.0027238,129.47
800,0,0.2286,31.7,0.0027238,130.72
1000,0,0.2286,31.7,0.0027238,130.6
1250,0,0.2286,31.7,0.0027238,128.81
1600,0,0.2286,31.7,0.0027238,125.63
2000,0,0.2286,31.7,0.0027238,123.46
2500,0,0.2286,31.7,0.0027238,123.44
3150,0,0.2286,31.7,0.0027238,123.44
4000,0,0.2286,31.7,0.0027238,122.04
5000,0,0.2286,31.7,0.0027238,120.51
6300,0,0.2286,31.7,0.0027238,116.82
400,2,0.2286,71.3,0.0029303,125.12
500,2,0.2286,71.3,0.0029303,126.49
630,2,0.2286,71.3,0.0029303,127.36
800,2,0.2286,71.3,0.0029303,128.22
1000,2,0.2286,71.3,0.0029303,128.96
1250,2,0.2286,71.3,0.0029303,128.82
1600,2,0.2286,71.3,0.0029303,127.8
2000,2,0.2286,71.3,0.0029303,126.9
2500,2,0.2286,71.3,0.0029303,127.01
3150,2,0.2286,71.3,0.0029303,126.12
4000,2,0.2286,71.3,0.0029303,124.09
5000,2,0.2286,71.3,0.0029303,122.82
6300,2,0.2286,71.3,0.0029303,120.79
8000,2,0.2286,71.3,0.0029303,116
10000,2,0.2286,71.3,0.0029303,113.09
400,2,0.2286,55.5,0.0031353,122.29
500,2,0.2286,55.5,0.0031353,124.69
630,2,0.2286,55.5,0.0031353,126.84
800,2,0.2286,55.5,0.0031353,128.49
1000,2,0.2286,55.5,0.0031353,129
1250,2,0.2286,55.5,0.0031353,128.76
1600,2,0.2286,55.5,0.0031353,126.75
2000,2,0.2286,55.5,0.0031353,124.61
2500,2,0.2286,55.5,0.0031353,123.86
3150,2,0.2286,55.5,0.0031353,123.74
4000,2,0.2286,55.5,0.0031353,122.23
5000,2,0.2286,55.5,0.0031353,120.47
6300,2,0.2286,55.5,0.0031353,118.71
315,2,0.2286,39.6,0.0034657,120.14
400,2,0.2286,39.6,0.0034657,122.15
500,2,0.2286,39.6,0.0034657,125.16
630,2,0.2286,39.6,0.0034657,127.42
800,2,0.2286,39.6,0.0034657,129.04
1000,2,0.2286,39.6,0.0034657,129.15
1250,2,0.2286,39.6,0.0034657,128.26
1600,2,0.2286,39.6,0.0034657,125.84
2000,2,0.2286,39.6,0.0034657,122.8
2500,2,0.2286,39.6,0.0034657,121.4
3150,2,0.2286,39.6,0.0034657,121.63
4000,2,0.2286,39.6,0.0034657,120.23
5000,2,0.2286,39.6,0.0034657,118.83
6300,2,0.2286,39.6,0.0034657,116.42
315,2,0.2286,31.7,0.0037237,120.15
400,2,0.2286,31.7,0.0037237,123.42
500,2,0.2286,31.7,0.0037237,126.68
630,2,0.2286,31.7,0.0037237,129.06
800,2,0.2286,31.7,0.0037237,130.31
1000,2,0.2286,31.7,0.0037237,130.31
1250,2,0.2286,31.7,0.0037237,128.68
1600,2,0.2286,31.7,0.0037237,125.8
2000,2,0.2286,31.7,0.0037237,123.04
2500,2,0.2286,31.7,0.0037237,121.41
3150,2,0.2286,31.7,0.0037237,121.53
4000,2,0.2286,31.7,0.0037237,120.53
5000,2,0.2286,31.7,0.0037237,118.27
6300,2,0.2286,31.7,0.0037237,115.14
500,4,0.2286,71.3,0.004006,126.76
630,4,0.2286,71.3,0.004006,129.04
800,4,0.2286,71.3,0.004006,130.69
1000,4,0.2286,71.3,0.004006,131.71
1250,4,0.2286,71.3,0.004006,131.72
1600,4,0.2286,71.3,0.004006,129.47
2000,4,0.2286,71.3,0.004006,126.22
2500,4,0.2286,71.3,0.004006,124.34
3150,4,0.2286,71.3,0.004006,124.11
4000,4,0.2286,71.3,0.004006,121.73
5000,4,0.2286,71.3,0.004006,121.12
6300,4,0.2286,71.3,0.004006,118.62
8000,4,0.2286,71.3,0.004006,112.85
10000,4,0.2286,71.3,0.004006,113.11
12500,4,0.2286,71.3,0.004006,114.26
16000,4,0.2286,71.3,0.004006,112.77
20000,4,0.2286,71.3,0.004006,109.64
400,4,0.2286,55.5,0.0042862,123.27
500,4,0.2286,55.5,0.0042862,127.31
630,4,0.2286,55.5,0.0042862,129.96
800,4,0.2286,55.5,0.0042862,131.86
1000,4,0.2286,55.5,0.0042862,132.13
1250,4,0.2286,55.5,0.0042862,131.26
1600,4,0.2286,55.5,0.0042862,128.26
2000,4,0.2286,55.5,0.0042862,124.25
2500,4,0.2286,55.5,0.0042862,122.38
3150,4,0.2286,55.5,0.0042862,122.39
4000,4,0.2286,55.5,0.0042862,120.65
5000,4,0.2286,55.5,0.0042862,120.03
6300,4,0.2286,55.5,0.0042862,117.15
8000,4,0.2286,55.5,0.0042862,112.52
315,4,0.2286,39.6,0.004738,122.23
400,4,0.2286,39.6,0.004738,123.88
500,4,0.2286,39.6,0.004738,127.04
630,4,0.2286,39.6,0.004738,129.58
800,4,0.2286,39.6,0.004738,130.47
1000,4,0.2286,39.6,0.004738,129.97
1250,4,0.2286,39.6,0.004738,128.34
1600,4,0.2286,39.6,0.004738,125.32
2000,4,0.2286,39.6,0.004738,121.66
2500,4,0.2286,39.6,0.004738,119.65
3150,4,0.2286,39.6,0.004738,120.42
4000,4,0.2286,39.6,0.004738,119.16
5000,4,0.2286,39.6,0.004738,117.65
6300,4,0.2286,39.6,0.004738,114.25
8000,4,0.2286,39.6,0.004738,113.13
250,4,0.2286,31.7,0.0050907,120.19
315,4,0.2286,31.7,0.0050907,123.61
400,4,0.2286,31.7,0.0050907,126.15
500,4,0.2286,31.7,0.0050907,128.94
630,4,0.2286,31.7,0.0050907,130.35
800,4,0.2286,31.7,0.0050907,130.87
1000,4,0.2286,31.7,0.0050907,129.87
1250,4,0.2286,31.7,0.0050907,128.12
1600,4,0.2286,31.7,0.0050907,125.23
2000,4,0.2286,31.7,0.0050907,122.09
2500,4,0.2286,31.7,0.0050907,120.21
3150,4,0.2286,31.7,0.0050907,120.23
4000,4,0.2286,31.7,0.0050907,118.86
5000,4,0.2286,31.7,0.0050907,115.97
6300,4,0.2286,31.7,0.0050907,112.7
400,5.3,0.2286,71.3,0.0051942,127.7
500,5.3,0.2286,71.3,0.0051942,129.88
630,5.3,0.2286,71.3,0.0051942,131.8
800,5.3,0.2286,71.3,0.0051942,133.48
1000,5.3,0.2286,71.3,0.0051942,134
1250,5.3,0.2286,71.3,0.0051942,133.38
1600,5.3,0.2286,71.3,0.0051942,130.46
2000,5.3,0.2286,71.3,0.0051942,125.89
2500,5.3,0.2286,71.3,0.0051942,123.74
3150,5.3,0.2286,71.3,0.0051942,123.12
4000,5.3,0.2286,71.3,0.0051942,120.33
5000,5.3,0.2286,71.3,0.0051942,118.05
6300,5.3,0.2286,71.3,0.0051942,116.92
8000,5.3,0.2286,71.3,0.0051942,114.9
10000,5.3,0.2286,71.3,0.0051942,111.35
250,5.3,0.2286,39.6,0.0061433,127.01
315,5.3,0.2286,39.6,0.0061433,129.69
400,5.3,0.2286,39.6,0.0061433,131.22
500,5.3,0.2286,39.6,0.0061433,132.25
630,5.3,0.2286,39.6,0.0061433,132.01
800,5.3,0.2286,39.6,0.0061433,129.49
1000,5.3,0.2286,39.6,0.0061433,125.58
1250,5.3,0.2286,39.6,0.0061433,125.72
1600,5.3,0.2286,39.6,0.0061433,123.08
2000,5.3,0.2286,39.6,0.0061433,117.91
2500,5.3,0.2286,39.6,0.0061433,116.15
3150,5.3,0.2286,39.6,0.0061433,118.44
4000,5.3,0.2286,39.6,0.0061433,115.8
5000,5.3,0.2286,39.6,0.0061433,115.31
6300,5.3,0.2286,39.6,0.0061433,112.54
200,7.3,0.2286,71.3,0.01044,138.76
250,7.3,0.2286,71.3,0.01044,139.92
315,7.3,0.2286,71.3,0.01044,139.81
400,7.3,0.2286,71.3,0.01044,139.44
500,7.3,0.2286,71.3,0.01044,136.8
630,7.3,0.2286,71.3,0.01044,133.77
800,7.3,0.2286,71.3,0.01044,130.75
1000,7.3,0.2286,71.3,0.01044,126.84
1250,7.3,0.2286,71.3,0.01044,127.36
1600,7.3,0.2286,71.3,0.01044,125.73
2000,7.3,0.2286,71.3,0.01044,122.71
2500,7.3,0.2286,71.3,0.01044,122.09
3150,7.3,0.2286,71.3,0.01044,120.46
4000,7.3,0.2286,71.3,0.01044,119.21
5000,7.3,0.2286,71.3,0.01044,115.3
6300,7.3,0.2286,71.3,0.01044,115.82
200,7.3,0.2286,55.5,0.011171,135.23
250,7.3,0.2286,55.5,0.011171,136.38
315,7.3,0.2286,55.5,0.011171,136.28
400,7.3,0.2286,55.5,0.011171,135.92
500,7.3,0.2286,55.5,0.011171,133.17
630,7.3,0.2286,55.5,0.011171,130.93
800,7.3,0.2286,55.5,0.011171,128.44
1000,7.3,0.2286,55.5,0.011171,125.19
1250,7.3,0.2286,55.5,0.011171,125.72
1600,7.3,0.2286,55.5,0.011171,123.35
2000,7.3,0.2286,55.5,0.011171,120.35
2500,7.3,0.2286,55.5,0.011171,118.99
3150,7.3,0.2286,55.5,0.011171,117.13
4000,7.3,0.2286,55.5,0.011171,117.28
5000,7.3,0.2286,55.5,0.011171,113.14
6300,7.3,0.2286,55.5,0.011171,111.53
200,7.3,0.2286,39.6,0.012348,130.99
250,7.3,0.2286,39.6,0.012348,131.89
315,7.3,0.2286,39.6,0.012348,132.15
400,7.3,0.2286,39.6,0.012348,132.04
500,7.3,0.2286,39.6,0.012348,130.3
630,7.3,0.2286,39.6,0.012348,128.93
800,7.3,0.2286,39.6,0.012348,126.3
1000,7.3,0.2286,39.6,0.012348,122.54
1250,7.3,0.2286,39.6,0.012348,123.19
1600,7.3,0.2286,39.6,0.012348,121.06
2000,7.3,0.2286,39.6,0.012348,117.81
2500,7.3,0.2286,39.6,0.012348,116.56
3150,7.3,0.2286,39.6,0.012348,114.31
4000,7.3,0.2286,39.6,0.012348,114.08
5000,7.3,0.2286,39.6,0.012348,111.96
6300,7.3,0.2286,39.6,0.012348,110.84
200,7.3,0.2286,31.7,0.013267,128.68
250,7.3,0.2286,31.7,0.013267,130.09
315,7.3,0.2286,31.7,0.013267,130.24
400,7.3,0.2286,31.7,0.013267,130.27
500,7.3,0.2286,31.7,0.013267,128.17
630,7.3,0.2286,31.7,0.013267,126.19
800,7.3,0.2286,31.7,0.013267,123.21
1000,7.3,0.2286,31.7,0.013267,119.1
1250,7.3,0.2286,31.7,0.013267,120.51
1600,7.3,0.2286,31.7,0.013267,119.04
2000,7.3,0.2286,31.7,0.013267,115.31
2500,7.3,0.2286,31.7,0.013267,114.71
3150,7.3,0.2286,31.7,0.013267,113.23
4000,7.3,0.2286,31.7,0.013267,112.64
5000,7.3,0.2286,31.7,0.013267,111.03
6300,7.3,0.2286,31.7,0.013267,110.69
800,0,0.1524,71.3,0.0015988,125.82
1000,0,0.1524,71.3,0.0015988,127.31
1250,0,0.1524,71.3,0.0015988,128.93
1600,0,0.1524,71.3,0.0015988,129.67
2000,0,0.1524,71.3,0.0015988,128.65
2500,0,0.1524,71.3,0.0015988,128.13
3150,0,0.1524,71.3,0.0015988,129.38
4000,0,0.1524,71.3,0.0015988,128.86
5000,0,0.1524,71.3,0.0015988,126.46
6300,0,0.1524,71.3,0.0015988,125.43
8000,0,0.1524,71.3,0.0015988,122.53
10000,0,0.1524,71.3,0.0015988,120.25
12500,0,0.1524,71.3,0.0015988,117.09
16000,0,0.1524,71.3,0.0015988,113.3
500,0,0.1524,55.5,0.0017267,120.57
630,0,0.1524,55.5,0.0017267,123.58
800,0,0.1524,55.5,0.0017267,126.71
1000,0,0.1524,55.5,0.0017267,128.58
1250,0,0.1524,55.5,0.0017267,129.95
1600,0,0.1524,55.5,0.0017267,130.18
2000,0,0.1524,55.5,0.0017267,129.67
2500,0,0.1524,55.5,0.0017267,127.76
3150,0,0.1524,55.5,0.0017267,127.75
4000,0,0.1524,55.5,0.0017267,127.23
5000,0,0.1524,55.5,0.0017267,125.2
6300,0,0.1524,55.5,0.0017267,123.3
8000,0,0.1524,55.5,0.0017267,121.9
10000,0,0.1524,55.5,0.0017267,119.25
12500,0,0.1524,55.5,0.0017267,117.09
16000,0,0.1524,55.5,0.0017267,112.8
500,0,0.1524,39.6,0.0019329,119.51
630,0,0.1524,39.6,0.0019329,124.4
800,0,0.1524,39.6,0.0019329,127.9
1000,0,0.1524,39.6,0.0019329,130.03
1250,0,0.1524,39.6,0.0019329,131.02
1600,0,0.1524,39.6,0.0019329,131.01
2000,0,0.1524,39.6,0.0019329,129.63
2500,0,0.1524,39.6,0.0019329,126.86
3150,0,0.1524,39.6,0.0019329,125.6
4000,0,0.1524,39.6,0.0019329,125.34
5000,0,0.1524,39.6,0.0019329,123.45
6300,0,0.1524,39.6,0.0019329,121.31
8000,0,0.1524,39.6,0.0019329,120.55
10000,0,0.1524,39.6,0.0019329,115.41
500,0,0.1524,31.7,0.0020941,121.62
630,0,0.1524,31.7,0.0020941,126
800,0,0.1524,31.7,0.0020941,129.12
1000,0,0.1524,31.7,0.0020941,130.99
1250,0,0.1524,31.7,0.0020941,131.47
1600,0,0.1524,31.7,0.0020941,130.82
2000,0,0.1524,31.7,0.0020941,128.91
2500,0,0.1524,31.7,0.0020941,125.87
3150,0,0.1524,31.7,0.0020941,124.21
4000,0,0.1524,31.7,0.0020941,123.81
5000,0,0.1524,31.7,0.0020941,122.4
6300,0,0.1524,31.7,0.0020941,119.74
8000,0,0.1524,31.7,0.0020941,117.96
630,2.7,0.1524,71.3,0.0024385,127.4
800,2.7,0.1524,71.3,0.0024385,127.39
1000,2.7,0.1524,71.3,0.0024385,128.77
1250,2.7,0.1524,71.3,0.0024385,130.14
1600,2.7,0.1524,71.3,0.0024385,130.64
2000,2.7,0.1524,71.3,0.0024385,130.11
2500,2.7,0.1524,71.3,0.0024385,128.33
3150,2.7,0.1524,71.3,0.0024385,127.05
4000,2.7,0.1524,71.3,0.0024385,126.53
5000,2.7,0.1524,71.3,0.0024385,124.36
6300,2.7,0.1524,71.3,0.0024385,121.94
8000,2.7,0.1524,71.3,0.0024385,120.53
10000,2.7,0.1524,71.3,0.0024385,116.72
12500,2.7,0.1524,71.3,0.0024385,113.03
16000,2.7,0.1524,71.3,0.0024385,110.36
500,2.7,0.1524,39.6,0.002948,121.01
630,2.7,0.1524,39.6,0.002948,125.81
800,2.7,0.1524,39.6,0.002948,128.83
1000,2.7,0.1524,39.6,0.002948,130.59
1250,2.7,0.1524,39.6,0.002948,130.83
1600,2.7,0.1524,39.6,0.002948,130.05
2000,2.7,0.1524,39.6,0.002948,128.14
2500,2.7,0.1524,39.6,0.002948,125.59
3150,2.7,0.1524,39.6,0.002948,122.92
4000,2.7,0.1524,39.6,0.002948,121.89
5000,2.7,0.1524,39.6,0.002948,121.5
6300,2.7,0.1524,39.6,0.002948,119.21
8000,2.7,0.1524,39.6,0.002948,116.66
10000,2.7,0.1524,39.6,0.002948,112.59
12500,2.7,0.1524,39.6,0.002948,108.65
400,5.4,0.1524,71.3,0.004012,124.12
500,5.4,0.1524,71.3,0.004012,126.29
630,5.4,0.1524,71.3,0.004012,128.97
800,5.4,0.1524,71.3,0.004012,131.28
1000,5.4,0.1524,71.3,0.004012,133.2
1250,5.4,0.1524,71.3,0.004012,134.11
1600,5.4,0.1524,71.3,0.004012,133.24
2000,5.4,0.1524,71.3,0.004012,131.11
2500,5.4,0.1524,71.3,0.004012,127.59
3150,5.4,0.1524,71.3,0.004012,123.31
4000,5.4,0.1524,71.3,0.004012,121.43
5000,5.4,0.1524,71.3,0.004012,120.06
6300,5.4,0.1524,71.3,0.004012,116.41
400,5.4,0.1524,55.5,0.0043329,126.81
500,5.4,0.1524,55.5,0.0043329,129.37
630,5.4,0.1524,55.5,0.0043329,131.81
800,5.4,0.1524,55.5,0.0043329,133.1
1000,5.4,0.1524,55.5,0.0043329,132.13
1250,5.4,0.1524,55.5,0.0043329,130.78
1600,5.4,0.1524,55.5,0.0043329,130.57
2000,5.4,0.1524,55.5,0.0043329,128.71
2500,5.4,0.1524,55.5,0.0043329,124.08
3150,5.4,0.1524,55.5,0.0043329,121.59
4000,5.4,0.1524,55.5,0.0043329,119.74
5000,5.4,0.1524,55.5,0.0043329,118.76
6300,5.4,0.1524,55.5,0.0043329,117.29
8000,5.4,0.1524,55.5,0.0043329,114.93
315,5.4,0.1524,39.6,0.0048503,125.35
400,5.4,0.1524,39.6,0.0048503,127.64
500,5.4,0.1524,39.6,0.0048503,129.94
630,5.4,0.1524,39.6,0.0048503,132.36
800,5.4,0.1524,39.6,0.0048503,132.76
1000,5.4,0.1524,39.6,0.0048503,130.51
1250,5.4,0.1524,39.6,0.0048503,127.12
1600,5.4,0.1524,39.6,0.0048503,126.27
2000,5.4,0.1524,39.6,0.0048503,124.65
2500,5.4,0.1524,39.6,0.0048503,120.5
3150,5.4,0.1524,39.6,0.0048503,119.14
4000,5.4,0.1524,39.6,0.0048503,117.14
5000,5.4,0.1524,39.6,0.0048503,117.04
6300,5.4,0.1524,39.6,0.0048503,116.68
315,5.4,0.1524,31.7,0.0052547,125.74
400,5.4,0.1524,31.7,0.0052547,127.78
500,5.4,0.1524,31.7,0.0052547,129.68
630,5.4,0.1524,31.7,0.0052547,131.47
800,5.4,0.1524,31.7,0.0052547,131.49
1000,5.4,0.1524,31.7,0.0052547,128.24
1250,5.4,0.1524,31.7,0.0052547,123.99
1600,5.4,0.1524,31.7,0.0052547,123.76
2000,5.4,0.1524,31.7,0.0052547,122.77
2500,5.4,0.1524,31.7,0.0052547,119.15
3150,5.4,0.1524,31.7,0.0052547,118.29
4000,5.4,0.1524,31.7,0.0052547,116.18
5000,5.4,0.1524,31.7,0.0052547,115.69
6300,5.4,0.1524,31.7,0.0052547,115.59
315,7.2,0.1524,71.3,0.0075204,128.71
400,7.2,0.1524,71.3,0.0075204,130.12
500,7.2,0.1524,71.3,0.0075204,132.04
630,7.2,0.1524,71.3,0.0075204,134.85
800,7.2,0.1524,71.3,0.0075204,136.02
1000,7.2,0.1524,71.3,0.0075204,134.27
1250,7.2,0.1524,71.3,0.0075204,132.51
1600,7.2,0.1524,71.3,0.0075204,130.89
2000,7.2,0.1524,71.3,0.0075204,128.64
2500,7.2,0.1524,71.3,0.0075204,124.35
3150,7.2,0.1524,71.3,0.0075204,116.78
4000,7.2,0.1524,71.3,0.0075204,119.34
5000,7.2,0.1524,71.3,0.0075204,118.34
6300,7.2,0.1524,71.3,0.0075204,116.6
8000,7.2,0.1524,71.3,0.0075204,113.33
10000,7.2,0.1524,71.3,0.0075204,110.31
250,7.2,0.1524,39.6,0.0090917,127.49
315,7.2,0.1524,39.6,0.0090917,130.56
400,7.2,0.1524,39.6,0.0090917,132.12
500,7.2,0.1524,39.6,0.0090917,132.66
630,7.2,0.1524,39.6,0.0090917,133.2
800,7.2,0.1524,39.6,0.0090917,132.36
1000,7.2,0.1524,39.6,0.0090917,128.34
1250,7.2,0.1524,39.6,0.0090917,122.43
1600,7.2,0.1524,39.6,0.0090917,120.06
2000,7.2,0.1524,39.6,0.0090917,120.23
2500,7.2,0.1524,39.6,0.0090917,117.48
3150,7.2,0.1524,39.6,0.0090917,111.82
4000,7.2,0.1524,39.6,0.0090917,114.26
5000,7.2,0.1524,39.6,0.0090917,113.29
6300,7.2,0.1524,39.6,0.0090917,112.69
8000,7.2,0.1524,39.6,0.0090917,111.59
10000,7.2,0.1524,39.6,0.0090917,110.87
200,9.9,0.1524,71.3,0.0193,134.32
250,9.9,0.1524,71.3,0.0193,135.33
315,9.9,0.1524,71.3,0.0193,135.46
400,9.9,0.1524,71.3,0.0193,135.08
500,9.9,0.1524,71.3,0.0193,131.28
630,9.9,0.1524,71.3,0.0193,129.89
800,9.9,0.1524,71.3,0.0193,128.88
1000,9.9,0.1524,71.3,0.0193,126.35
1250,9.9,0.1524,71.3,0.0193,122.68
1600,9.9,0.1524,71.3,0.0193,121.79
2000,9.9,0.1524,71.3,0.0193,120.78
2500,9.9,0.1524,71.3,0.0193,119.64
3150,9.9,0.1524,71.3,0.0193,116.85
4000,9.9,0.1524,71.3,0.0193,115.08
5000,9.9,0.1524,71.3,0.0193,114.57
6300,9.9,0.1524,71.3,0.0193,112.04
200,9.9,0.1524,55.5,0.020844,131.96
250,9.9,0.1524,55.5,0.020844,133.24
315,9.9,0.1524,55.5,0.020844,132.35
400,9.9,0.1524,55.5,0.020844,131.6
500,9.9,0.1524,55.5,0.020844,127.82
630,9.9,0.1524,55.5,0.020844,127.32
800,9.9,0.1524,55.5,0.020844,126.57
1000,9.9,0.1524,55.5,0.020844,124.67
1250,9.9,0.1524,55.5,0.020844,121.64
1600,9.9,0.1524,55.5,0.020844,119.88
2000,9.9,0.1524,55.5,0.020844,119.51
2500,9.9,0.1524,55.5,0.020844,118.36
3150,9.9,0.1524,55.5,0.020844,115.08
4000,9.9,0.1524,55.5,0.020844,112.94
5000,9.9,0.1524,55.5,0.020844,112.07
6300,9.9,0.1524,55.5,0.020844,110.56
200,9.9,0.1524,39.6,0.023333,127.32
250,9.9,0.1524,39.6,0.023333,128.34
315,9.9,0.1524,39.6,0.023333,128.6
400,9.9,0.1524,39.6,0.023333,128.35
500,9.9,0.1524,39.6,0.023333,126.83
630,9.9,0.1524,39.6,0.023333,126.47
800,9.9,0.1524,39.6,0.023333,126.35
1000,9.9,0.1524,39.6,0.023333,123.83
1250,9.9,0.1524,39.6,0.023333,120.56
1600,9.9,0.1524,39.6,0.023333,118.55
2000,9.9,0.1524,39.6,0.023333,117.93
2500,9.9,0.1524,39.6,0.023333,116.3
3150,9.9,0.1524,39.6,0.023333,113.53
4000,9.9,0.1524,39.6,0.023333,112.27
5000,9.9,0.1524,39.6,0.023333,111.14
6300,9.9,0.1524,39.6,0.023333,109.89
200,9.9,0.1524,31.7,0.025278,127.3
250,9.9,0.1524,31.7,0.025278,128.56
315,9.9,0.1524,31.7,0.025278,128.81
400,9.9,0.1524,31.7,0.025278,128.94
500,9.9,0.1524,31.7,0.025278,127.18
630,9.9,0.1524,31.7,0.025278,126.05
800,9.9,0.1524,31.7,0.025278,125.54
1000,9.9,0.1524,31.7,0.025278,122.15
1250,9.9,0.1524,31.7,0.025278,118.62
1600,9.9,0.1524,31.7,0.025278,117.12
2000,9.9,0.1524,31.7,0.025278,116.86
2500,9.9,0.1524,31.7,0.025278,114.73
3150,9.9,0.1524,31.7,0.025278,112.21
4000,9.9,0.1524,31.7,0.025278,111.46
5000,9.9,0.1524,31.7,0.025278,109.95
6300,9.9,0.1524,31.7,0.025278,108.69
200,12.6,0.1524,71.3,0.048316,128.35
250,12.6,0.1524,71.3,0.048316,129.74
315,12.6,0.1524,71.3,0.048316,128.48
400,12.6,0.1524,71.3,0.048316,127.09
500,12.6,0.1524,71.3,0.048316,121.66
630,12.6,0.1524,71.3,0.048316,123.3
800,12.6,0.1524,71.3,0.048316,123.05
1000,12.6,0.1524,71.3,0.048316,122.04
1250,12.6,0.1524,71.3,0.048316,120.15
1600,12.6,0.1524,71.3,0.048316,120.53
2000,12.6,0.1524,71.3,0.048316,117.5
2500,12.6,0.1524,71.3,0.048316,115.23
3150,12.6,0.1524,71.3,0.048316,113.33
4000,12.6,0.1524,71.3,0.048316,108.03
5000,12.6,0.1524,71.3,0.048316,108.03
6300,12.6,0.1524,71.3,0.048316,107.28
200,12.6,0.1524,39.6,0.058411,114.75
250,12.6,0.1524,39.6,0.058411,115.89
315,12.6,0.1524,39.6,0.058411,116.02
400,12.6,0.1524,39.6,0.058411,115.91
500,12.6,0.1524,39.6,0.058411,114.9
630,12.6,0.1524,39.6,0.058411,116.55
800,12.6,0.1524,39.6,0.058411,116.56
1000,12.6,0.1524,39.6,0.058411,114.67
1250,12.6,0.1524,39.6,0.058411,112.16
1600,12.6,0.1524,39.6,0.058411,110.78
2000,12.6,0.1524,39.6,0.058411,109.52
2500,12.6,0.1524,39.6,0.058411,106.88
3150,12.6,0.1524,39.6,0.058411,106.26
4000,12.6,0.1524,39.6,0.058411,104.5
5000,12.6,0.1524,39.6,0.058411,104.13
6300,12.6,0.1524,39.6,0.058411,103.38
800,0,0.0508,71.3,0.00074048,130.96
1000,0,0.0508,71.3,0.00074048,129.45
1250,0,0.0508,71.3,0.00074048,128.56
1600,0,0.0508,71.3,0.00074048,129.68
2000,0,0.0508,71.3,0.00074048,131.06
2500,0,0.0508,71.3,0.00074048,131.31
3150,0,0.0508,71.3,0.00074048,135.07
4000,0,0.0508,71.3,0.00074048,134.43
5000,0,0.0508,71.3,0.00074048,134.43
6300,0,0.0508,71.3,0.00074048,133.04
8000,0,0.0508,71.3,0.00074048,130.89
10000,0,0.0508,71.3,0.00074048,128.74
12500,0,0.0508,71.3,0.00074048,125.22
800,0,0.0508,55.5,0.00076193,124.34
1000,0,0.0508,55.5,0.00076193,125.59
1250,0,0.0508,55.5,0.00076193,127.08
1600,0,0.0508,55.5,0.00076193,128.58
2000,0,0.0508,55.5,0.00076193,131.46
2500,0,0.0508,55.5,0.00076193,133.96
3150,0,0.0508,55.5,0.00076193,134.83
4000,0,0.0508,55.5,0.00076193,134.95
5000,0,0.0508,55.5,0.00076193,134.56
6300,0,0.0508,55.5,0.00076193,132.8
8000,0,0.0508,55.5,0.00076193,130.16
10000,0,0.0508,55.5,0.00076193,127.64
12500,0,0.0508,55.5,0.00076193,125.38
800,0,0.0508,39.6,0.00079182,126.51
1000,0,0.0508,39.6,0.00079182,127.64
1250,0,0.0508,39.6,0.00079182,129.15
1600,0,0.0508,39.6,0.00079182,130.91
2000,0,0.0508,39.6,0.00079182,132.92
2500,0,0.0508,39.6,0.00079182,134.94
3150,0,0.0508,39.6,0.00079182,135.94
4000,0,0.0508,39.6,0.00079182,135.31
5000,0,0.0508,39.6,0.00079182,134.31
6300,0,0.0508,39.6,0.00079182,131.92
8000,0,0.0508,39.6,0.00079182,128.52
10000,0,0.0508,39.6,0.00079182,126
12500,0,0.0508,39.6,0.00079182,123.99
800,0,0.0508,31.7,0.00081216,122.79
1000,0,0.0508,31.7,0.00081216,126.78
1250,0,0.0508,31.7,0.00081216,129.27
1600,0,0.0508,31.7,0.00081216,131.01
2000,0,0.0508,31.7,0.00081216,133.01
2500,0,0.0508,31.7,0.00081216,134.87
3150,0,0.0508,31.7,0.00081216,135.49
4000,0,0.0508,31.7,0.00081216,134.11
5000,0,0.0508,31.7,0.00081216,133.23
6300,0,0.0508,31.7,0.00081216,130.34
8000,0,0.0508,31.7,0.00081216,126.59
10000,0,0.0508,31.7,0.00081216,122.45
12500,0,0.0508,31.7,0.00081216,119.07
1600,4.2,0.0508,71.3,0.0014279,124.32
2000,4.2,0.0508,71.3,0.0014279,129.85
2500,4.2,0.0508,71.3,0.0014279,131.98
3150,4.2,0.0508,71.3,0.0014279,133.73
4000,4.2,0.0508,71.3,0.0014279,133.6
5000,4.2,0.0508,71.3,0.0014279,132.83
6300,4.2,0.0508,71.3,0.0014279,129.31
8000,4.2,0.0508,71.3,0.0014279,125.27
10000,4.2,0.0508,71.3,0.0014279,121.24
12500,4.2,0.0508,71.3,0.0014279,117.33
1000,4.2,0.0508,39.6,0.0015269,125.65
1250,4.2,0.0508,39.6,0.0015269,128.43
1600,4.2,0.0508,39.6,0.0015269,130.2
2000,4.2,0.0508,39.6,0.0015269,132.59
2500,4.2,0.0508,39.6,0.0015269,133.85
3150,4.2,0.0508,39.6,0.0015269,133.59
4000,4.2,0.0508,39.6,0.0015269,131.81
5000,4.2,0.0508,39.6,0.0015269,129.78
6300,4.2,0.0508,39.6,0.0015269,125.72
8000,4.2,0.0508,39.6,0.0015269,120.4
10000,4.2,0.0508,39.6,0.0015269,116.97
800,8.4,0.0508,71.3,0.0052951,127.56
1000,8.4,0.0508,71.3,0.0052951,129.95
1250,8.4,0.0508,71.3,0.0052951,132.09
1600,8.4,0.0508,71.3,0.0052951,133.85
2000,8.4,0.0508,71.3,0.0052951,134.48
2500,8.4,0.0508,71.3,0.0052951,134.23
3150,8.4,0.0508,71.3,0.0052951,131.97
4000,8.4,0.0508,71.3,0.0052951,126.93
5000,8.4,0.0508,71.3,0.0052951,121.15
400,8.4,0.0508,55.5,0.0054485,121.58
500,8.4,0.0508,55.5,0.0054485,123.74
630,8.4,0.0508,55.5,0.0054485,126.15
800,8.4,0.0508,55.5,0.0054485,128.56
1000,8.4,0.0508,55.5,0.0054485,130.72
1250,8.4,0.0508,55.5,0.0054485,132.25
1600,8.4,0.0508,55.5,0.0054485,133.03
2000,8.4,0.0508,55.5,0.0054485,133.04
2500,8.4,0.0508,55.5,0.0054485,131.54
3150,8.4,0.0508,55.5,0.0054485,128.4
4000,8.4,0.0508,55.5,0.0054485,122.61
5000,8.4,0.0508,55.5,0.0054485,115.81
400,8.4,0.0508,39.6,0.0056623,120.02
500,8.4,0.0508,39.6,0.0056623,122.91
630,8.4,0.0508,39.6,0.0056623,126.05
800,8.4,0.0508,39.6,0.0056623,128.44
1000,8.4,0.0508,39.6,0.0056623,130.19
1250,8.4,0.0508,39.6,0.0056623,131.21
1600,8.4,0.0508,39.6,0.0056623,130.97
2000,8.4,0.0508,39.6,0.0056623,129.97
2500,8.4,0.0508,39.6,0.0056623,127.47
3150,8.4,0.0508,39.6,0.0056623,123.97
4000,8.4,0.0508,39.6,0.0056623,118.96
400,8.4,0.0508,31.7,0.0058078,120.08
500,8.4,0.0508,31.7,0.0058078,122.97
630,8.4,0.0508,31.7,0.0058078,125.86
800,8.4,0.0508,31.7,0.0058078,128.25
1000,8.4,0.0508,31.7,0.0058078,129.52
1250,8.4,0.0508,31.7,0.0058078,130.16
1600,8.4,0.0508,31.7,0.0058078,129.3
2000,8.4,0.0508,31.7,0.0058078,127.69
2500,8.4,0.0508,31.7,0.0058078,125.58
3150,8.4,0.0508,31.7,0.0058078,122.09
4000,8.4,0.0508,31.7,0.0058078,118.11
200,11.2,0.0508,71.3,0.014072,125.94
250,11.2,0.0508,71.3,0.014072,127.1
315,11.2,0.0508,71.3,0.014072,128.38
400,11.2,0.0508,71.3,0.014072,129.28
500,11.2,0.0508,71.3,0.014072,130.31
630,11.2,0.0508,71.3,0.014072,133.61
800,11.2,0.0508,71.3,0.014072,136.03
1000,11.2,0.0508,71.3,0.014072,136.94
1250,11.2,0.0508,71.3,0.014072,136.19
1600,11.2,0.0508,71.3,0.014072,135.19
2000,11.2,0.0508,71.3,0.014072,133.31
2500,11.2,0.0508,71.3,0.014072,130.54
3150,11.2,0.0508,71.3,0.014072,127.14
4000,11.2,0.0508,71.3,0.014072,122.47
200,11.2,0.0508,39.6,0.015048,125.01
250,11.2,0.0508,39.6,0.015048,126.43
315,11.2,0.0508,39.6,0.015048,128.99
400,11.2,0.0508,39.6,0.015048,130.67
500,11.2,0.0508,39.6,0.015048,131.96
630,11.2,0.0508,39.6,0.015048,133.13
800,11.2,0.0508,39.6,0.015048,133.79
1000,11.2,0.0508,39.6,0.015048,132.43
1250,11.2,0.0508,39.6,0.015048,130.05
1600,11.2,0.0508,39.6,0.015048,126.54
2000,11.2,0.0508,39.6,0.015048,124.42
2500,11.2,0.0508,39.6,0.015048,122.17
3150,11.2,0.0508,39.6,0.015048,119.67
4000,11.2,0.0508,39.6,0.015048,115.52
200,15.4,0.0508,71.3,0.026427,123.6
250,15.4,0.0508,71.3,0.026427,124.83
315,15.4,0.0508,71.3,0.026427,126.19
400,15.4,0.0508,71.3,0.026427,126.81
500,15.4,0.0508,71.3,0.026427,127.29
630,15.4,0.0508,71.3,0.026427,129.65
800,15.4,0.0508,71.3,0.026427,131.51
1000,15.4,0.0508,71.3,0.026427,131.87
1250,15.4,0.0508,71.3,0.026427,130.85
1600,15.4,0.0508,71.3,0.026427,130.07
2000,15.4,0.0508,71.3,0.026427,129.29
2500,15.4,0.0508,71.3,0.026427,127.63
3150,15.4,0.0508,71.3,0.026427,125.72
4000,15.4,0.0508,71.3,0.026427,122.68
5000,15.4,0.0508,71.3,0.026427,119.14
6300,15.4,0.0508,71.3,0.026427,115.22
8000,15.4,0.0508,71.3,0.026427,112.68
200,15.4,0.0508,55.5,0.027193,122.94
250,15.4,0.0508,55.5,0.027193,124.17
315,15.4,0.0508,55.5,0.027193,125.39
400,15.4,0.0508,55.5,0.027193,126.5
500,15.4,0.0508,55.5,0.027193,127.22
630,15.4,0.0508,55.5,0.027193,129.33
800,15.4,0.0508,55.5,0.027193,130.43
1000,15.4,0.0508,55.5,0.027193,130.4
1250,15.4,0.0508,55.5,0.027193,130
1600,15.4,0.0508,55.5,0.027193,128.2
2000,15.4,0.0508,55.5,0.027193,127.04
2500,15.4,0.0508,55.5,0.027193,125.63
3150,15.4,0.0508,55.5,0.027193,123.46
4000,15.4,0.0508,55.5,0.027193,120.92
5000,15.4,0.0508,55.5,0.027193,117.11
6300,15.4,0.0508,55.5,0.027193,112.93
200,15.4,0.0508,39.6,0.028259,121.78
250,15.4,0.0508,39.6,0.028259,122.89
315,15.4,0.0508,39.6,0.028259,124.49
400,15.4,0.0508,39.6,0.028259,125.35
500,15.4,0.0508,39.6,0.028259,125.96
630,15.4,0.0508,39.6,0.028259,127.44
800,15.4,0.0508,39.6,0.028259,128.42
1000,15.4,0.0508,39.6,0.028259,127.89
1250,15.4,0.0508,39.6,0.028259,126.74
1600,15.4,0.0508,39.6,0.028259,124.84
2000,15.4,0.0508,39.6,0.028259,123.44
2500,15.4,0.0508,39.6,0.028259,122.41
3150,15.4,0.0508,39.6,0.028259,120.51
4000,15.4,0.0508,39.6,0.028259,118.11
5000,15.4,0.0508,39.6,0.028259,114.45
6300,15.4,0.0508,39.6,0.028259,109.66
200,15.4,0.0508,31.7,0.028985,119.97
250,15.4,0.0508,31.7,0.028985,121.22
315,15.4,0.0508,31.7,0.028985,122.85
400,15.4,0.0508,31.7,0.028985,123.71
500,15.4,0.0508,31.7,0.028985,123.69
630,15.4,0.0508,31.7,0.028985,124.69
800,15.4,0.0508,31.7,0.028985,125.56
1000,15.4,0.0508,31.7,0.028985,124.53
1250,15.4,0.0508,31.7,0.028985,123.26
1600,15.4,0.0508,31.7,0.028985,121.49
2000,15.4,0.0508,31.7,0.028985,120.83
2500,15.4,0.0508,31.7,0.028985,119.94
3150,15.4,0.0508,31.7,0.028985,118.05
4000,15.4,0.0508,31.7,0.028985,115.64
5000,15.4,0.0508,31.7,0.028985,112.36
6300,15.4,0.0508,31.7,0.028985,108.19
200,19.7,0.0508,71.3,0.034118,118.01
250,19.7,0.0508,71.3,0.034118,119.11
315,19.7,0.0508,71.3,0.034118,121.24
400,19.7,0.0508,71.3,0.034118,123.86
500,19.7,0.0508,71.3,0.034118,127
630,19.7,0.0508,71.3,0.034118,128.37
800,19.7,0.0508,71.3,0.034118,124.56
1000,19.7,0.0508,71.3,0.034118,121.89
1250,19.7,0.0508,71.3,0.034118,121.49
1600,19.7,0.0508,71.3,0.034118,120.58
2000,19.7,0.0508,71.3,0.034118,120.06
2500,19.7,0.0508,71.3,0.034118,118.39
3150,19.7,0.0508,71.3,0.034118,116.22
4000,19.7,0.0508,71.3,0.034118,113.05
200,19.7,0.0508,39.6,0.036484,125.97
250,19.7,0.0508,39.6,0.036484,127.22
315,19.7,0.0508,39.6,0.036484,129.86
400,19.7,0.0508,39.6,0.036484,130.61
500,19.7,0.0508,39.6,0.036484,128.44
630,19.7,0.0508,39.6,0.036484,120.32
800,19.7,0.0508,39.6,0.036484,119.17
1000,19.7,0.0508,39.6,0.036484,118.9
1250,19.7,0.0508,39.6,0.036484,118.63
1600,19.7,0.0508,39.6,0.036484,117.6
2000,19.7,0.0508,39.6,0.036484,117.72
2500,19.7,0.0508,39.6,0.036484,116.18
3150,19.7,0.0508,39.6,0.036484,113
4000,19.7,0.0508,39.6,0.036484,108.68
2500,0,0.0254,71.3,0.00040068,133.71
3150,0,0.0254,71.3,0.00040068,137.01
4000,0,0.0254,71.3,0.00040068,138.56
5000,0,0.0254,71.3,0.00040068,136.84
6300,0,0.0254,71.3,0.00040068,134.99
8000,0,0.0254,71.3,0.00040068,129.87
10000,0,0.0254,71.3,0.00040068,130.79
12500,0,0.0254,71.3,0.00040068,133.21
16000,0,0.0254,71.3,0.00040068,130.48
20000,0,0.0254,71.3,0.00040068,123.22
2000,0,0.0254,55.5,0.00041229,127.62
2500,0,0.0254,55.5,0.00041229,130.07
3150,0,0.0254,55.5,0.00041229,130.5
4000,0,0.0254,55.5,0.00041229,133.22
5000,0,0.0254,55.5,0.00041229,135.8
6300,0,0.0254,55.5,0.00041229,136.1
8000,0,0.0254,55.5,0.00041229,136.16
10000,0,0.0254,55.5,0.00041229,134.56
12500,0,0.0254,55.5,0.00041229,131.45
16000,0,0.0254,55.5,0.00041229,125.68
20000,0,0.0254,55.5,0.00041229,121.93
1600,0,0.0254,39.6,0.00042846,124.16
2000,0,0.0254,39.6,0.00042846,130.03
2500,0,0.0254,39.6,0.00042846,131.84
3150,0,0.0254,39.6,0.00042846,133.28
4000,0,0.0254,39.6,0.00042846,135.35
5000,0,0.0254,39.6,0.00042846,136.54
6300,0,0.0254,39.6,0.00042846,136.83
8000,0,0.0254,39.6,0.00042846,135.87
10000,0,0.0254,39.6,0.00042846,133.38
12500,0,0.0254,39.6,0.00042846,129.12
16000,0,0.0254,39.6,0.00042846,124.99
1000,0,0.0254,31.7,0.00043947,125.13
1250,0,0.0254,31.7,0.00043947,127.95
1600,0,0.0254,31.7,0.00043947,129.27
2000,0,0.0254,31.7,0.00043947,130.7
2500,0,0.0254,31.7,0.00043947,132.9
3150,0,0.0254,31.7,0.00043947,135.23
4000,0,0.0254,31.7,0.00043947,137.05
5000,0,0.0254,31.7,0.00043947,138.61
6300,0,0.0254,31.7,0.00043947,138.54
8000,0,0.0254,31.7,0.00043947,137.21
10000,0,0.0254,31.7,0.00043947,134.23
12500,0,0.0254,31.7,0.00043947,128.98
16000,0,0.0254,31.7,0.00043947,125.63
2000,4.8,0.0254,71.3,0.00084863,128.4
2500,4.8,0.0254,71.3,0.00084863,130.83
3150,4.8,0.0254,71.3,0.00084863,133.38
4000,4.8,0.0254,71.3,0.00084863,134.93
5000,4.8,0.0254,71.3,0.00084863,135.47
6300,4.8,0.0254,71.3,0.00084863,134.5
8000,4.8,0.0254,71.3,0.00084863,131.52
10000,4.8,0.0254,71.3,0.00084863,127.4
12500,4.8,0.0254,71.3,0.00084863,127.69
16000,4.8,0.0254,71.3,0.00084863,124.21
20000,4.8,0.0254,71.3,0.00084863,119.71
1600,4.8,0.0254,55.5,0.00087322,121.47
2000,4.8,0.0254,55.5,0.00087322,125.05
2500,4.8,0.0254,55.5,0.00087322,129.14
3150,4.8,0.0254,55.5,0.00087322,132.35
4000,4.8,0.0254,55.5,0.00087322,133.92
5000,4.8,0.0254,55.5,0.00087322,135.48
6300,4.8,0.0254,55.5,0.00087322,135.16
8000,4.8,0.0254,55.5,0.00087322,132.18
10000,4.8,0.0254,55.5,0.00087322,126.94
12500,4.8,0.0254,55.5,0.00087322,125.09
16000,4.8,0.0254,55.5,0.00087322,124.39
20000,4.8,0.0254,55.5,0.00087322,121.28
500,4.8,0.0254,39.6,0.00090748,116.37
630,4.8,0.0254,39.6,0.00090748,118.7
800,4.8,0.0254,39.6,0.00090748,120.77
1000,4.8,0.0254,39.6,0.00090748,122.96
1250,4.8,0.0254,39.6,0.00090748,125.03
1600,4.8,0.0254,39.6,0.00090748,125.97
2000,4.8,0.0254,39.6,0.00090748,128.92
2500,4.8,0.0254,39.6,0.00090748,131.24
3150,4.8,0.0254,39.6,0.00090748,133.44
4000,4.8,0.0254,39.6,0.00090748,135
5000,4.8,0.0254,39.6,0.00090748,135.43
6300,4.8,0.0254,39.6,0.00090748,134.34
8000,4.8,0.0254,39.6,0.00090748,131.35
10000,4.8,0.0254,39.6,0.00090748,126.07
500,4.8,0.0254,31.7,0.00093079,116.13
630,4.8,0.0254,31.7,0.00093079,120.08
800,4.8,0.0254,31.7,0.00093079,122.65
1000,4.8,0.0254,31.7,0.00093079,125.35
1250,4.8,0.0254,31.7,0.00093079,127.41
1600,4.8,0.0254,31.7,0.00093079,128.72
2000,4.8,0.0254,31.7,0.00093079,130.15
2500,4.8,0.0254,31.7,0.00093079,132.59
3150,4.8,0.0254,31.7,0.00093079,134.27
4000,4.8,0.0254,31.7,0.00093079,135.33
5000,4.8,0.0254,31.7,0.00093079,135.25
6300,4.8,0.0254,31.7,0.00093079,132.9
8000,4.8,0.0254,31.7,0.00093079,127.01
630,9.5,0.0254,71.3,0.0042065,125.73
800,9.5,0.0254,71.3,0.0042065,127.21
1000,9.5,0.0254,71.3,0.0042065,129.56
1250,9.5,0.0254,71.3,0.0042065,131.66
1600,9.5,0.0254,71.3,0.0042065,133.76
2000,9.5,0.0254,71.3,0.0042065,134.98
2500,9.5,0.0254,71.3,0.0042065,135.96
3150,9.5,0.0254,71.3,0.0042065,136.17
4000,9.5,0.0254,71.3,0.0042065,134.24
5000,9.5,0.0254,71.3,0.0042065,131.19
6300,9.5,0.0254,71.3,0.0042065,127.25
400,9.5,0.0254,55.5,0.0043284,120.95
500,9.5,0.0254,55.5,0.0043284,123.08
630,9.5,0.0254,55.5,0.0043284,125.45
800,9.5,0.0254,55.5,0.0043284,128.08
1000,9.5,0.0254,55.5,0.0043284,130.33
1250,9.5,0.0254,55.5,0.0043284,132.2
1600,9.5,0.0254,55.5,0.0043284,133.06
2000,9.5,0.0254,55.5,0.0043284,134.05
2500,9.5,0.0254,55.5,0.0043284,134.15
3150,9.5,0.0254,55.5,0.0043284,133.25
4000,9.5,0.0254,55.5,0.0043284,131.58
5000,9.5,0.0254,55.5,0.0043284,128.41
6300,9.5,0.0254,55.5,0.0043284,124.22
200,9.5,0.0254,39.6,0.0044982,116.07
250,9.5,0.0254,39.6,0.0044982,116.92
315,9.5,0.0254,39.6,0.0044982,119.29
400,9.5,0.0254,39.6,0.0044982,121.15
500,9.5,0.0254,39.6,0.0044982,123.89
630,9.5,0.0254,39.6,0.0044982,126.51
800,9.5,0.0254,39.6,0.0044982,129.01
1000,9.5,0.0254,39.6,0.0044982,130.37
1250,9.5,0.0254,39.6,0.0044982,130.96
1600,9.5,0.0254,39.6,0.0044982,131.18
2000,9.5,0.0254,39.6,0.0044982,131.27
2500,9.5,0.0254,39.6,0.0044982,131.23
3150,9.5,0.0254,39.6,0.0044982,129.93
4000,9.5,0.0254,39.6,0.0044982,127.86
5000,9.5,0.0254,39.6,0.0044982,125.04
6300,9.5,0.0254,39.6,0.0044982,120.32
200,9.5,0.0254,31.7,0.0046138,119.15
250,9.5,0.0254,31.7,0.0046138,120.14
315,9.5,0.0254,31.7,0.0046138,122.77
400,9.5,0.0254,31.7,0.0046138,124.76
500,9.5,0.0254,31.7,0.0046138,126.89
630,9.5,0.0254,31.7,0.0046138,129.01
800,9.5,0.0254,31.7,0.0046138,130.75
1000,9.5,0.0254,31.7,0.0046138,131.35
1250,9.5,0.0254,31.7,0.0046138,131.45
1600,9.5,0.0254,31.7,0.0046138,131.04
2000,9.5,0.0254,31.7,0.0046138,130.5
2500,9.5,0.0254,31.7,0.0046138,130.09
3150,9.5,0.0254,31.7,0.0046138,128.54
4000,9.5,0.0254,31.7,0.0046138,126.74
5000,9.5,0.0254,31.7,0.0046138,124.43
6300,9.5,0.0254,31.7,0.0046138,120.73
250,12.7,0.0254,71.3,0.012181,119.7
315,12.7,0.0254,71.3,0.012181,122.94
400,12.7,0.0254,71.3,0.012181,125.05
500,12.7,0.0254,71.3,0.012181,126.9
630,12.7,0.0254,71.3,0.012181,128.88
800,12.7,0.0254,71.3,0.012181,130.35
1000,12.7,0.0254,71.3,0.012181,131.7
1250,12.7,0.0254,71.3,0.012181,133.05
1600,12.7,0.0254,71.3,0.012181,134.53
2000,12.7,0.0254,71.3,0.012181,134.23
2500,12.7,0.0254,71.3,0.012181,134.06
3150,12.7,0.0254,71.3,0.012181,133.76
4000,12.7,0.0254,71.3,0.012181,131.81
5000,12.7,0.0254,71.3,0.012181,128.98
6300,12.7,0.0254,71.3,0.012181,125.4
8000,12.7,0.0254,71.3,0.012181,120.54
10000,12.7,0.0254,71.3,0.012181,114.42
250,12.7,0.0254,39.6,0.013025,121.55
315,12.7,0.0254,39.6,0.013025,123.54
400,12.7,0.0254,39.6,0.013025,125.53
500,12.7,0.0254,39.6,0.013025,127.13
630,12.7,0.0254,39.6,0.013025,128.87
800,12.7,0.0254,39.6,0.013025,130.22
1000,12.7,0.0254,39.6,0.013025,130.95
1250,12.7,0.0254,39.6,0.013025,130.78
1600,12.7,0.0254,39.6,0.013025,129.98
2000,12.7,0.0254,39.6,0.013025,129.57
2500,12.7,0.0254,39.6,0.013025,129.03
3150,12.7,0.0254,39.6,0.013025,127.85
4000,12.7,0.0254,39.6,0.013025,126.54
5000,12.7,0.0254,39.6,0.013025,125.11
6300,12.7,0.0254,39.6,0.013025,123.18
8000,12.7,0.0254,39.6,0.013025,120.61
10000,12.7,0.0254,39.6,0.013025,116.02
200,17.4,0.0254,71.3,0.016104,112.51
250,17.4,0.0254,71.3,0.016104,113.8
315,17.4,0.0254,71.3,0.016104,115.85
400,17.4,0.0254,71.3,0.016104,117.4
500,17.4,0.0254,71.3,0.016104,119.81
630,17.4,0.0254,71.3,0.016104,122.61
800,17.4,0.0254,71.3,0.016104,124.28
1000,17.4,0.0254,71.3,0.016104,125.82
1250,17.4,0.0254,71.3,0.016104,126.36
1600,17.4,0.0254,71.3,0.016104,126.41
2000,17.4,0.0254,71.3,0.016104,126.83
2500,17.4,0.0254,71.3,0.016104,126.75
3150,17.4,0.0254,71.3,0.016104,126.54
4000,17.4,0.0254,71.3,0.016104,125.59
5000,17.4,0.0254,71.3,0.016104,123.13
6300,17.4,0.0254,71.3,0.016104,119.92
8000,17.4,0.0254,71.3,0.016104,115.47
200,17.4,0.0254,55.5,0.016571,109.95
250,17.4,0.0254,55.5,0.016571,110.49
315,17.4,0.0254,55.5,0.016571,111.91
400,17.4,0.0254,55.5,0.016571,115.46
500,17.4,0.0254,55.5,0.016571,119.62
630,17.4,0.0254,55.5,0.016571,122.41
800,17.4,0.0254,55.5,0.016571,123.09
1000,17.4,0.0254,55.5,0.016571,126
1250,17.4,0.0254,55.5,0.016571,129.3
1600,17.4,0.0254,55.5,0.016571,126.47
2000,17.4,0.0254,55.5,0.016571,125.26
2500,17.4,0.0254,55.5,0.016571,124.93
3150,17.4,0.0254,55.5,0.016571,124.1
4000,17.4,0.0254,55.5,0.016571,121.77
5000,17.4,0.0254,55.5,0.016571,118.94
6300,17.4,0.0254,55.5,0.016571,114.86
200,17.4,0.0254,39.6,0.017221,114.04
250,17.4,0.0254,39.6,0.017221,114.71
315,17.4,0.0254,39.6,0.017221,115.14
400,17.4,0.0254,39.6,0.017221,115.44
500,17.4,0.0254,39.6,0.017221,117.51
630,17.4,0.0254,39.6,0.017221,124.51
800,17.4,0.0254,39.6,0.017221,135.32
1000,17.4,0.0254,39.6,0.017221,138.27
1250,17.4,0.0254,39.6,0.017221,131.36
1600,17.4,0.0254,39.6,0.017221,127.61
2000,17.4,0.0254,39.6,0.017221,126.64
2500,17.4,0.0254,39.6,0.017221,124.15
3150,17.4,0.0254,39.6,0.017221,123.56
4000,17.4,0.0254,39.6,0.017221,122.72
5000,17.4,0.0254,39.6,0.017221,119.85
200,17.4,0.0254,31.7,0.017663,116.15
250,17.4,0.0254,31.7,0.017663,116.96
315,17.4,0.0254,31.7,0.017663,118.42
400,17.4,0.0254,31.7,0.017663,120.77
500,17.4,0.0254,31.7,0.017663,127.68
630,17.4,0.0254,31.7,0.017663,136.89
800,17.4,0.0254,31.7,0.017663,139.23
1000,17.4,0.0254,31.7,0.017663,131.8
1250,17.4,0.0254,31.7,0.017663,128.31
1600,17.4,0.0254,31.7,0.017663,126.85
2000,17.4,0.0254,31.7,0.017663,124.36
2500,17.4,0.0254,31.7,0.017663,124.17
3150,17.4,0.0254,31.7,0.017663,123.47
4000,17.4,0.0254,31.7,0.017663,122
5000,17.4,0.0254,31.7,0.017663,118
315,22.2,0.0254,71.3,0.021418,115.86
400,22.2,0.0254,71.3,0.021418,117.93
500,22.2,0.0254,71.3,0.021418,117.97
630,22.2,0.0254,71.3,0.021418,120.66
800,22.2,0.0254,71.3,0.021418,123.23
1000,22.2,0.0254,71.3,0.021418,134.25
1250,22.2,0.0254,71.3,0.021418,140.99
1600,22.2,0.0254,71.3,0.021418,131.82
2000,22.2,0.0254,71.3,0.021418,127.2
2500,22.2,0.0254,71.3,0.021418,126.1
3150,22.2,0.0254,71.3,0.021418,124.13
4000,22.2,0.0254,71.3,0.021418,123.92
5000,22.2,0.0254,71.3,0.021418,125.73
6300,22.2,0.0254,71.3,0.021418,123.13
8000,22.2,0.0254,71.3,0.021418,121.66
200,22.2,0.0254,39.6,0.022903,116.07
250,22.2,0.0254,39.6,0.022903,117.39
315,22.2,0.0254,39.6,0.022903,120.72
400,22.2,0.0254,39.6,0.022903,123.42
500,22.2,0.0254,39.6,0.022903,129.78
630,22.2,0.0254,39.6,0.022903,137.03
800,22.2,0.0254,39.6,0.022903,137.08
1000,22.2,0.0254,39.6,0.022903,128.42
1250,22.2,0.0254,39.6,0.022903,126.45
1600,22.2,0.0254,39.6,0.022903,122.22
2000,22.2,0.0254,39.6,0.022903,121.26
2500,22.2,0.0254,39.6,0.022903,121.31
3150,22.2,0.0254,39.6,0.022903,120.86
4000,22.2,0.0254,39.6,0.022903,119.65
5000,22.2,0.0254,39.6,0.022903,118.82
630,0,0.1016,71.3,0.0012107,124.16
800,0,0.1016,71.3,0.0012107,126.81
1000,0,0.1016,71.3,0.0012107,128.82
1250,0,0.1016,71.3,0.0012107,130.34
1600,0,0.1016,71.3,0.0012107,131.72
2000,0,0.1016,71.3,0.0012107,132.1
2500,0,0.1016,71.3,0.0012107,132.6
3150,0,0.1016,71.3,0.0012107,131.96
4000,0,0.1016,71.3,0.0012107,130.94
5000,0,0.1016,71.3,0.0012107,130.79
6300,0,0.1016,71.3,0.0012107,129.4
8000,0,0.1016,71.3,0.0012107,125.47
10000,0,0.1016,71.3,0.0012107,123.31
12500,0,0.1016,71.3,0.0012107,119.38
630,0,0.1016,55.5,0.0013198,126.17
800,0,0.1016,55.5,0.0013198,127.92
1000,0,0.1016,55.5,0.0013198,129.8
1250,0,0.1016,55.5,0.0013198,131.43
1600,0,0.1016,55.5,0.0013198,132.05
2000,0,0.1016,55.5,0.0013198,132.54
2500,0,0.1016,55.5,0.0013198,133.04
3150,0,0.1016,55.5,0.0013198,131.78
4000,0,0.1016,55.5,0.0013198,129.5
5000,0,0.1016,55.5,0.0013198,128.36
6300,0,0.1016,55.5,0.0013198,127.73
8000,0,0.1016,55.5,0.0013198,124.45
10000,0,0.1016,55.5,0.0013198,121.93
12500,0,0.1016,55.5,0.0013198,119.91
630,0,0.1016,39.6,0.0014633,125.4
800,0,0.1016,39.6,0.0014633,128.4
1000,0,0.1016,39.6,0.0014633,130.78
1250,0,0.1016,39.6,0.0014633,132.27
1600,0,0.1016,39.6,0.0014633,133.26
2000,0,0.1016,39.6,0.0014633,133.25
2500,0,0.1016,39.6,0.0014633,132.61
3150,0,0.1016,39.6,0.0014633,130.96
4000,0,0.1016,39.6,0.0014633,127.8
5000,0,0.1016,39.6,0.0014633,126.02
6300,0,0.1016,39.6,0.0014633,125.63
8000,0,0.1016,39.6,0.0014633,122.34
10000,0,0.1016,39.6,0.0014633,119.56
630,0,0.1016,31.7,0.0015009,126.41
800,0,0.1016,31.7,0.0015009,129.05
1000,0,0.1016,31.7,0.0015009,131.31
1250,0,0.1016,31.7,0.0015009,133.06
1600,0,0.1016,31.7,0.0015009,133.55
2000,0,0.1016,31.7,0.0015009,133.15
2500,0,0.1016,31.7,0.0015009,132
3150,0,0.1016,31.7,0.0015009,129.97
4000,0,0.1016,31.7,0.0015009,126.93
5000,0,0.1016,31.7,0.0015009,124.39
6300,0,0.1016,31.7,0.0015009,124.25
8000,0,0.1016,31.7,0.0015009,120.19
10000,0,0.1016,31.7,0.0015009,115.89
800,3.3,0.1016,71.3,0.0020282,131.07
1000,3.3,0.1016,71.3,0.0020282,131.43
1250,3.3,0.1016,71.3,0.0020282,132.3
1600,3.3,0.1016,71.3,0.0020282,133.66
2000,3.3,0.1016,71.3,0.0020282,134.03
2500,3.3,0.1016,71.3,0.0020282,133.89
3150,3.3,0.1016,71.3,0.0020282,132.11
4000,3.3,0.1016,71.3,0.0020282,128.7
5000,3.3,0.1016,71.3,0.0020282,127.05
6300,3.3,0.1016,71.3,0.0020282,124.9
8000,3.3,0.1016,71.3,0.0020282,121.23
10000,3.3,0.1016,71.3,0.0020282,116.69
630,3.3,0.1016,55.5,0.002211,126.6
800,3.3,0.1016,55.5,0.002211,129.12
1000,3.3,0.1016,55.5,0.002211,131.13
1250,3.3,0.1016,55.5,0.002211,132.77
1600,3.3,0.1016,55.5,0.002211,133.65
2000,3.3,0.1016,55.5,0.002211,133.65
2500,3.3,0.1016,55.5,0.002211,132.89
3150,3.3,0.1016,55.5,0.002211,130.63
4000,3.3,0.1016,55.5,0.002211,127.23
5000,3.3,0.1016,55.5,0.002211,124.84
6300,3.3,0.1016,55.5,0.002211,123.84
8000,3.3,0.1016,55.5,0.002211,120.57
10000,3.3,0.1016,55.5,0.002211,115.66
630,3.3,0.1016,39.6,0.0024514,127.25
800,3.3,0.1016,39.6,0.0024514,129.99
1000,3.3,0.1016,39.6,0.0024514,131.97
1250,3.3,0.1016,39.6,0.0024514,133.21
1600,3.3,0.1016,39.6,0.0024514,133.07
2000,3.3,0.1016,39.6,0.0024514,132.3
2500,3.3,0.1016,39.6,0.0024514,130.79
3150,3.3,0.1016,39.6,0.0024514,128.4
4000,3.3,0.1016,39.6,0.0024514,124.88
5000,3.3,0.1016,39.6,0.0024514,122.37
6300,3.3,0.1016,39.6,0.0024514,120.85
8000,3.3,0.1016,39.6,0.0024514,118.09
10000,3.3,0.1016,39.6,0.0024514,115.32
630,3.3,0.1016,31.7,0.0025143,128.95
800,3.3,0.1016,31.7,0.0025143,131.36
1000,3.3,0.1016,31.7,0.0025143,133.01
1250,3.3,0.1016,31.7,0.0025143,134.02
1600,3.3,0.1016,31.7,0.0025143,133.4
2000,3.3,0.1016,31.7,0.0025143,131.64
2500,3.3,0.1016,31.7,0.0025143,130.39
3150,3.3,0.1016,31.7,0.0025143,128.25
4000,3.3,0.1016,31.7,0.0025143,124.85
5000,3.3,0.1016,31.7,0.0025143,122.08
6300,3.3,0.1016,31.7,0.0025143,120.7
8000,3.3,0.1016,31.7,0.0025143,117.43
630,6.7,0.1016,71.3,0.0047829,131.45
800,6.7,0.1016,71.3,0.0047829,134.48
1000,6.7,0.1016,71.3,0.0047829,136.76
1250,6.7,0.1016,71.3,0.0047829,137.66
1600,6.7,0.1016,71.3,0.0047829,136.68
2000,6.7,0.1016,71.3,0.0047829,134.57
2500,6.7,0.1016,71.3,0.0047829,131.46
3150,6.7,0.1016,71.3,0.0047829,124.46
500,6.7,0.1016,55.5,0.0052139,129.34
630,6.7,0.1016,55.5,0.0052139,133.02
800,6.7,0.1016,55.5,0.0052139,135.95
1000,6.7,0.1016,55.5,0.0052139,137.23
1250,6.7,0.1016,55.5,0.0052139,136.88
1600,6.7,0.1016,55.5,0.0052139,133.65
2000,6.7,0.1016,55.5,0.0052139,129.65
2500,6.7,0.1016,55.5,0.0052139,124.27
400,6.7,0.1016,39.6,0.0057808,128.29
500,6.7,0.1016,39.6,0.0057808,130.96
630,6.7,0.1016,39.6,0.0057808,133.35
800,6.7,0.1016,39.6,0.0057808,134.63
1000,6.7,0.1016,39.6,0.0057808,134.51
1250,6.7,0.1016,39.6,0.0057808,132.4
1600,6.7,0.1016,39.6,0.0057808,127.38
2000,6.7,0.1016,39.6,0.0057808,122.24
315,6.7,0.1016,31.7,0.0059293,126.27
400,6.7,0.1016,31.7,0.0059293,128.3
500,6.7,0.1016,31.7,0.0059293,130.21
630,6.7,0.1016,31.7,0.0059293,132.12
800,6.7,0.1016,31.7,0.0059293,132.89
1000,6.7,0.1016,31.7,0.0059293,131.64
1250,6.7,0.1016,31.7,0.0059293,129.26
1600,6.7,0.1016,31.7,0.0059293,124.35
2000,6.7,0.1016,31.7,0.0059293,120.45
200,8.9,0.1016,71.3,0.010309,133.5
250,8.9,0.1016,71.3,0.010309,134.53
315,8.9,0.1016,71.3,0.010309,136.58
400,8.9,0.1016,71.3,0.010309,138.12
500,8.9,0.1016,71.3,0.010309,138.52
630,8.9,0.1016,71.3,0.010309,138.42
800,8.9,0.1016,71.3,0.010309,137.81
1000,8.9,0.1016,71.3,0.010309,135.43
1250,8.9,0.1016,71.3,0.010309,132.79
1600,8.9,0.1016,71.3,0.010309,128.76
2000,8.9,0.1016,71.3,0.010309,124.23
2500,8.9,0.1016,71.3,0.010309,123.62
3150,8.9,0.1016,71.3,0.010309,123.26
4000,8.9,0.1016,71.3,0.010309,120.24
5000,8.9,0.1016,71.3,0.010309,116.72
6300,8.9,0.1016,71.3,0.010309,117.25
200,8.9,0.1016,39.6,0.01246,133.42
250,8.9,0.1016,39.6,0.01246,134.34
315,8.9,0.1016,39.6,0.01246,135.38
400,8.9,0.1016,39.6,0.01246,135.54
500,8.9,0.1016,39.6,0.01246,133.79
630,8.9,0.1016,39.6,0.01246,131.92
800,8.9,0.1016,39.6,0.01246,130.94
1000,8.9,0.1016,39.6,0.01246,129.58
1250,8.9,0.1016,39.6,0.01246,127.71
1600,8.9,0.1016,39.6,0.01246,123.82
2000,8.9,0.1016,39.6,0.01246,119.04
2500,8.9,0.1016,39.6,0.01246,119.19
3150,8.9,0.1016,39.6,0.01246,119.35
4000,8.9,0.1016,39.6,0.01246,116.22
5000,8.9,0.1016,39.6,0.01246,113.08
6300,8.9,0.1016,39.6,0.01246,113.11
200,12.3,0.1016,71.3,0.033779,130.59
250,12.3,0.1016,71.3,0.033779,131.57
315,12.3,0.1016,71.3,0.033779,137.07
400,12.3,0.1016,71.3,0.033779,139.43
500,12.3,0.1016,71.3,0.033779,140.16
630,12.3,0.1016,71.3,0.033779,135.37
800,12.3,0.1016,71.3,0.033779,127.32
1000,12.3,0.1016,71.3,0.033779,127.93
1250,12.3,0.1016,71.3,0.033779,126.65
1600,12.3,0.1016,71.3,0.033779,124.75
2000,12.3,0.1016,71.3,0.033779,122.22
2500,12.3,0.1016,71.3,0.033779,121.32
3150,12.3,0.1016,71.3,0.033779,120.8
4000,12.3,0.1016,71.3,0.033779,118.02
5000,12.3,0.1016,71.3,0.033779,116.11
6300,12.3,0.1016,71.3,0.033779,113.96
200,12.3,0.1016,55.5,0.036823,132.3
250,12.3,0.1016,55.5,0.036823,133.29
315,12.3,0.1016,55.5,0.036823,135.67
400,12.3,0.1016,55.5,0.036823,136.41
500,12.3,0.1016,55.5,0.036823,133.77
630,12.3,0.1016,55.5,0.036823,124.24
800,12.3,0.1016,55.5,0.036823,125.11
1000,12.3,0.1016,55.5,0.036823,125.48
1250,12.3,0.1016,55.5,0.036823,124.21
1600,12.3,0.1016,55.5,0.036823,121.82
2000,12.3,0.1016,55.5,0.036823,118.56
2500,12.3,0.1016,55.5,0.036823,117.05
3150,12.3,0.1016,55.5,0.036823,116.91
4000,12.3,0.1016,55.5,0.036823,114.4
5000,12.3,0.1016,55.5,0.036823,112.01
6300,12.3,0.1016,55.5,0.036823,110.12
200,12.3,0.1016,39.6,0.040827,128.54
250,12.3,0.1016,39.6,0.040827,129.68
315,12.3,0.1016,39.6,0.040827,129.41
400,12.3,0.1016,39.6,0.040827,128.26
500,12.3,0.1016,39.6,0.040827,122.21
630,12.3,0.1016,39.6,0.040827,121.32
800,12.3,0.1016,39.6,0.040827,122.32
1000,12.3,0.1016,39.6,0.040827,122.44
1250,12.3,0.1016,39.6,0.040827,121.17
1600,12.3,0.1016,39.6,0.040827,117.88
2000,12.3,0.1016,39.6,0.040827,114.08
2500,12.3,0.1016,39.6,0.040827,113.32
3150,12.3,0.1016,39.6,0.040827,113.06
4000,12.3,0.1016,39.6,0.040827,110.91
5000,12.3,0.1016,39.6,0.040827,108.63
6300,12.3,0.1016,39.6,0.040827,107.99
200,12.3,0.1016,31.7,0.041876,124.99
250,12.3,0.1016,31.7,0.041876,125.86
315,12.3,0.1016,31.7,0.041876,124.72
400,12.3,0.1016,31.7,0.041876,123.21
500,12.3,0.1016,31.7,0.041876,118.67
630,12.3,0.1016,31.7,0.041876,119.29
800,12.3,0.1016,31.7,0.041876,120.04
1000,12.3,0.1016,31.7,0.041876,119.78
1250,12.3,0.1016,31.7,0.041876,118.77
1600,12.3,0.1016,31.7,0.041876,114.48
2000,12.3,0.1016,31.7,0.041876,110.45
2500,12.3,0.1016,31.7,0.041876,110.32
3150,12.3,0.1016,31.7,0.041876,110.31
4000,12.3,0.1016,31.7,0.041876,108.41
5000,12.3,0.1016,31.7,0.041876,107.15
6300,12.3,0.1016,31.7,0.041876,107.27
200,15.6,0.1016,71.3,0.043726,130.9
250,15.6,0.1016,71.3,0.043726,132.16
315,15.6,0.1016,71.3,0.043726,133.81
400,15.6,0.1016,71.3,0.043726,134.06
500,15.6,0.1016,71.3,0.043726,130.64
630,15.6,0.1016,71.3,0.043726,122.29
800,15.6,0.1016,71.3,0.043726,124.19
1000,15.6,0.1016,71.3,0.043726,124.44
1250,15.6,0.1016,71.3,0.043726,123.18
1600,15.6,0.1016,71.3,0.043726,121.53
2000,15.6,0.1016,71.3,0.043726,119.89
2500,15.6,0.1016,71.3,0.043726,119
3150,15.6,0.1016,71.3,0.043726,116.47
4000,15.6,0.1016,71.3,0.043726,113.3
200,15.6,0.1016,39.6,0.052849,123.51
250,15.6,0.1016,39.6,0.052849,124.64
315,15.6,0.1016,39.6,0.052849,122.75
400,15.6,0.1016,39.6,0.052849,120.48
500,15.6,0.1016,39.6,0.052849,115.3
630,15.6,0.1016,39.6,0.052849,118.08
800,15.6,0.1016,39.6,0.052849,118.96
1000,15.6,0.1016,39.6,0.052849,119.22
1250,15.6,0.1016,39.6,0.052849,118.21
1600,15.6,0.1016,39.6,0.052849,114.55
2000,15.6,0.1016,39.6,0.052849,110.89
2500,15.6,0.1016,39.6,0.052849,110.26
3150,15.6,0.1016,39.6,0.052849,109.25
4000,15.6,0.1016,39.6,0.052849,106.6
5000,15.6,0.1016,39.6,0.052849,106.22
6300,15.6,0.1016,39.6,0.052849,104.2
